{"v":"5.5.7","meta":{"g":"LottieFiles AE 0.1.20","a":"","k":"","d":"","tc":""},"fr":60,"ip":1,"op":287,"w":400,"h":225,"nm":"Main Scene","ddd":0,"assets":[{"id":"comp_0","layers":[{"ddd":0,"ind":1,"ty":0,"nm":"Pre-comp 1","refId":"comp_1","sr":1,"ks":{"o":{"a":0,"k":100,"ix":11},"r":{"a":0,"k":0,"ix":10},"p":{"a":0,"k":[191.5,122,0],"ix":2},"a":{"a":0,"k":[320,202,0],"ix":1},"s":{"a":0,"k":[100,100,100],"ix":6}},"ao":0,"w":640,"h":404,"ip":0,"op":180,"st":0,"bm":0}]},{"id":"comp_1","layers":[{"ddd":0,"ind":5,"ty":4,"nm":"tick Outlines","sr":1,"ks":{"o":{"a":1,"k":[{"i":{"x":[0.833],"y":[0.833]},"o":{"x":[0.167],"y":[0.167]},"t":122,"s":[0]},{"t":142,"s":[100]}],"ix":11},"r":{"a":0,"k":0,"ix":10},"p":{"a":0,"k":[483.786,271.294,0],"ix":2},"a":{"a":0,"k":[47,47,0],"ix":1},"s":{"a":1,"k":[{"i":{"x":[0.833,0.833,0.833],"y":[0.833,0.833,1]},"o":{"x":[0.167,0.167,0.167],"y":[0.167,0.167,0]},"t":122,"s":[0,0,100]},{"i":{"x":[0.833,0.833,0.833],"y":[0.833,0.833,1]},"o":{"x":[0.167,0.167,0.167],"y":[0.167,0.167,0]},"t":136,"s":[130,130,100]},{"t":142,"s":[120,120,100]}],"ix":6}},"ao":0,"shapes":[{"ty":"gr","it":[{"ind":0,"ty":"sh","ix":1,"ks":{"a":0,"k":{"i":[[0,0],[0,0],[0,0]],"o":[[0,0],[0,0],[0,0]],"v":[[-17.14,0.189],[-5.839,11.57],[17.14,-11.57]],"c":false},"ix":2},"nm":"Path 1","mn":"ADBE Vector Shape - Group","hd":false},{"ty":"st","c":{"a":0,"k":[1,1,1,1],"ix":3},"o":{"a":0,"k":100,"ix":4},"w":{"a":0,"k":7,"ix":5},"lc":2,"lj":2,"bm":0,"nm":"Stroke 1","mn":"ADBE Vector Graphic - Stroke","hd":false},{"ty":"tr","p":{"a":0,"k":[47.563,46.795],"ix":2},"a":{"a":0,"k":[0,0],"ix":1},"s":{"a":0,"k":[100,100],"ix":3},"r":{"a":0,"k":0,"ix":6},"o":{"a":0,"k":100,"ix":7},"sk":{"a":0,"k":0,"ix":4},"sa":{"a":0,"k":0,"ix":5},"nm":"Transform"}],"nm":"Group 1","np":2,"cix":2,"bm":0,"ix":1,"mn":"ADBE Vector Group","hd":false},{"ty":"gr","it":[{"ind":0,"ty":"sh","ix":1,"ks":{"a":0,"k":{"i":[[0,-25.661],[-25.898,0],[0,25.663],[25.897,0]],"o":[[0,25.663],[25.897,0],[0,-25.661],[-25.898,0]],"v":[[-46.893,-0.001],[0.001,46.465],[46.893,-0.001],[0.001,-46.465]],"c":true},"ix":2},"nm":"Path 1","mn":"ADBE Vector Shape - Group","hd":false},{"ty":"fl","c":{"a":0,"k":[0,0.838999986649,0.47499999404,1],"ix":4},"o":{"a":0,"k":100,"ix":5},"r":1,"bm":0,"nm":"Fill 1","mn":"ADBE Vector Graphic - Fill","hd":false},{"ty":"tr","p":{"a":0,"k":[46.893,46.892],"ix":2},"a":{"a":0,"k":[0,0],"ix":1},"s":{"a":0,"k":[100,100],"ix":3},"r":{"a":0,"k":0,"ix":6},"o":{"a":0,"k":100,"ix":7},"sk":{"a":0,"k":0,"ix":4},"sa":{"a":0,"k":0,"ix":5},"nm":"Transform"}],"nm":"Group 2","np":2,"cix":2,"bm":0,"ix":2,"mn":"ADBE Vector Group","hd":false}],"ip":0,"op":182,"st":0,"bm":0},{"ddd":0,"ind":6,"ty":4,"nm":"Shape Layer 2","sr":1,"ks":{"o":{"a":1,"k":[{"i":{"x":[0.833],"y":[0.833]},"o":{"x":[0.167],"y":[0.167]},"t":38,"s":[0]},{"i":{"x":[0.833],"y":[1]},"o":{"x":[0.167],"y":[0]},"t":50,"s":[100]},{"i":{"x":[0.833],"y":[0.833]},"o":{"x":[0.167],"y":[0.167]},"t":66,"s":[100]},{"t":114,"s":[0]}],"ix":11},"r":{"a":0,"k":0,"ix":10},"p":{"a":1,"k":[{"i":{"x":0.833,"y":0.833},"o":{"x":0.167,"y":0.167},"t":44,"s":[217,202,0],"to":[29.562,0,0],"ti":[-69.536,0,0]},{"i":{"x":0.833,"y":0.833},"o":{"x":0.167,"y":0.167},"t":62,"s":[452,202,0],"to":[36.315,0,0],"ti":[-15.438,0,0]},{"i":{"x":0.833,"y":0.833},"o":{"x":0.167,"y":0.167},"t":70,"s":[487,202,0],"to":[0,0,0],"ti":[0,0,0]},{"i":{"x":0.833,"y":1},"o":{"x":0.167,"y":0},"t":78,"s":[487,202,0],"to":[-45,0,0],"ti":[45,0,0]},{"t":114,"s":[217,202,0]}],"ix":2},"a":{"a":0,"k":[134,0,0],"ix":1},"s":{"a":0,"k":[100,100,100],"ix":6}},"ao":0,"shapes":[{"ty":"gr","it":[{"ind":0,"ty":"sh","ix":1,"ks":{"a":0,"k":{"i":[[0,0],[0,0]],"o":[[0,0],[0,0]],"v":[[134,-93],[134,92]],"c":false},"ix":2},"nm":"Path 1","mn":"ADBE Vector Shape - Group","hd":false},{"ty":"st","c":{"a":0,"k":[0.929411768913,0,1,1],"ix":3},"o":{"a":0,"k":100,"ix":4},"w":{"a":0,"k":21,"ix":5},"lc":1,"lj":1,"ml":4,"bm":0,"nm":"Stroke 1","mn":"ADBE Vector Graphic - Stroke","hd":false},{"ty":"fl","c":{"a":0,"k":[0.909803926945,0.909803926945,0.909803926945,1],"ix":4},"o":{"a":0,"k":100,"ix":5},"r":1,"bm":0,"nm":"Fill 1","mn":"ADBE Vector Graphic - Fill","hd":false},{"ty":"tr","p":{"a":0,"k":[0,0],"ix":2},"a":{"a":0,"k":[0,0],"ix":1},"s":{"a":0,"k":[100,100],"ix":3},"r":{"a":0,"k":0,"ix":6},"o":{"a":0,"k":100,"ix":7},"sk":{"a":0,"k":0,"ix":4},"sa":{"a":0,"k":0,"ix":5},"nm":"Transform"}],"nm":"Shape 1","np":3,"cix":2,"bm":0,"ix":1,"mn":"ADBE Vector Group","hd":false}],"ip":0,"op":182,"st":0,"bm":0},{"ddd":0,"ind":8,"ty":4,"nm":"aim Outlines","sr":1,"ks":{"o":{"a":1,"k":[{"i":{"x":[0.833],"y":[0.833]},"o":{"x":[0.167],"y":[0.167]},"t":28,"s":[0]},{"i":{"x":[0.833],"y":[1]},"o":{"x":[0.167],"y":[0]},"t":34,"s":[100]},{"i":{"x":[0.833],"y":[0.833]},"o":{"x":[0.167],"y":[0.167]},"t":108,"s":[100]},{"t":114,"s":[0]}],"ix":11},"r":{"a":0,"k":0,"ix":10},"p":{"a":0,"k":[327.299,202,0],"ix":2},"a":{"a":0,"k":[59.5,29,0],"ix":1},"s":{"a":1,"k":[{"i":{"x":[0.833,0.833,0.833],"y":[0.833,0.833,1]},"o":{"x":[0.167,0.167,0.167],"y":[0.167,0.167,0]},"t":28,"s":[200,200,100]},{"i":{"x":[0.833,0.833,0.833],"y":[0.833,0.833,1]},"o":{"x":[0.167,0.167,0.167],"y":[0.167,0.167,0]},"t":38,"s":[350,350,100]},{"t":44,"s":[341,341,100]}],"ix":6}},"ao":0,"shapes":[{"ty":"gr","it":[{"ind":0,"ty":"sh","ix":1,"ks":{"a":0,"k":{"i":[[0,0],[0,0],[-5.677,0],[0,0]],"o":[[0,0],[0,5.677],[0,0],[0,0]],"v":[[-7.301,-7.301],[-7.301,-3.021],[3.02,7.301],[7.301,7.301]],"c":false},"ix":2},"nm":"Path 1","mn":"ADBE Vector Shape - Group","hd":false},{"ty":"st","c":{"a":0,"k":[0.929000020027,0,1,1],"ix":3},"o":{"a":0,"k":100,"ix":4},"w":{"a":0,"k":2,"ix":5},"lc":1,"lj":1,"ml":10,"bm":0,"nm":"Stroke 1","mn":"ADBE Vector Graphic - Stroke","hd":false},{"ty":"tr","p":{"a":0,"k":[10.274,48.919],"ix":2},"a":{"a":0,"k":[0,0],"ix":1},"s":{"a":0,"k":[100,100],"ix":3},"r":{"a":0,"k":0,"ix":6},"o":{"a":0,"k":100,"ix":7},"sk":{"a":0,"k":0,"ix":4},"sa":{"a":0,"k":0,"ix":5},"nm":"Transform"}],"nm":"Group 1","np":2,"cix":2,"bm":0,"ix":1,"mn":"ADBE Vector Group","hd":false},{"ty":"gr","it":[{"ind":0,"ty":"sh","ix":1,"ks":{"a":0,"k":{"i":[[0,0],[0,0],[5.677,0],[0,0]],"o":[[0,0],[0,-5.677],[0,0],[0,0]],"v":[[7.301,7.301],[7.301,3.021],[-3.021,-7.301],[-7.301,-7.301]],"c":false},"ix":2},"nm":"Path 1","mn":"ADBE Vector Shape - Group","hd":false},{"ty":"st","c":{"a":0,"k":[0.929000020027,0,1,1],"ix":3},"o":{"a":0,"k":100,"ix":4},"w":{"a":0,"k":2,"ix":5},"lc":1,"lj":1,"ml":10,"bm":0,"nm":"Stroke 1","mn":"ADBE Vector Graphic - Stroke","hd":false},{"ty":"tr","p":{"a":0,"k":[107.899,9.08],"ix":2},"a":{"a":0,"k":[0,0],"ix":1},"s":{"a":0,"k":[100,100],"ix":3},"r":{"a":0,"k":0,"ix":6},"o":{"a":0,"k":100,"ix":7},"sk":{"a":0,"k":0,"ix":4},"sa":{"a":0,"k":0,"ix":5},"nm":"Transform"}],"nm":"Group 2","np":2,"cix":2,"bm":0,"ix":2,"mn":"ADBE Vector Group","hd":false},{"ty":"gr","it":[{"ind":0,"ty":"sh","ix":1,"ks":{"a":0,"k":{"i":[[0,0],[0,0],[5.677,0],[0,0]],"o":[[0,0],[0,5.677],[0,0],[0,0]],"v":[[7.301,-7.301],[7.301,-3.021],[-3.021,7.301],[-7.301,7.301]],"c":false},"ix":2},"nm":"Path 1","mn":"ADBE Vector Shape - Group","hd":false},{"ty":"st","c":{"a":0,"k":[0.929000020027,0,1,1],"ix":3},"o":{"a":0,"k":100,"ix":4},"w":{"a":0,"k":2,"ix":5},"lc":1,"lj":1,"ml":10,"bm":0,"nm":"Stroke 1","mn":"ADBE Vector Graphic - Stroke","hd":false},{"ty":"tr","p":{"a":0,"k":[107.899,48.919],"ix":2},"a":{"a":0,"k":[0,0],"ix":1},"s":{"a":0,"k":[100,100],"ix":3},"r":{"a":0,"k":0,"ix":6},"o":{"a":0,"k":100,"ix":7},"sk":{"a":0,"k":0,"ix":4},"sa":{"a":0,"k":0,"ix":5},"nm":"Transform"}],"nm":"Group 3","np":2,"cix":2,"bm":0,"ix":3,"mn":"ADBE Vector Group","hd":false},{"ty":"gr","it":[{"ind":0,"ty":"sh","ix":1,"ks":{"a":0,"k":{"i":[[0,0],[0,0],[-5.677,0],[0,0]],"o":[[0,0],[0,-5.677],[0,0],[0,0]],"v":[[-7.301,7.301],[-7.301,3.021],[3.02,-7.301],[7.301,-7.301]],"c":false},"ix":2},"nm":"Path 1","mn":"ADBE Vector Shape - Group","hd":false},{"ty":"st","c":{"a":0,"k":[0.929000020027,0,1,1],"ix":3},"o":{"a":0,"k":100,"ix":4},"w":{"a":0,"k":2,"ix":5},"lc":1,"lj":1,"ml":10,"bm":0,"nm":"Stroke 1","mn":"ADBE Vector Graphic - Stroke","hd":false},{"ty":"tr","p":{"a":0,"k":[10.274,9.08],"ix":2},"a":{"a":0,"k":[0,0],"ix":1},"s":{"a":0,"k":[100,100],"ix":3},"r":{"a":0,"k":0,"ix":6},"o":{"a":0,"k":100,"ix":7},"sk":{"a":0,"k":0,"ix":4},"sa":{"a":0,"k":0,"ix":5},"nm":"Transform"}],"nm":"Group 4","np":2,"cix":2,"bm":0,"ix":4,"mn":"ADBE Vector Group","hd":false}],"ip":0,"op":182,"st":0,"bm":0},{"ddd":0,"ind":9,"ty":4,"nm":"carplate Outlines","sr":1,"ks":{"o":{"a":1,"k":[{"i":{"x":[0.833],"y":[0.833]},"o":{"x":[0.167],"y":[0.167]},"t":0,"s":[0]},{"t":20,"s":[100]}],"ix":11},"r":{"a":0,"k":0,"ix":10},"p":{"a":0,"k":[326.299,202,0],"ix":2},"a":{"a":0,"k":[47.5,20,0],"ix":1},"s":{"a":1,"k":[{"i":{"x":[0.833,0.833,0.833],"y":[0.833,0.833,1]},"o":{"x":[0.167,0.167,0.167],"y":[0.167,0.167,0]},"t":0,"s":[0,0,100]},{"i":{"x":[0.833,0.833,0.833],"y":[0.833,0.833,1]},"o":{"x":[0.167,0.167,0.167],"y":[0.167,0.167,0]},"t":20,"s":[359.864,359.864,100]},{"i":{"x":[0.833,0.833,0.833],"y":[0.833,0.833,1]},"o":{"x":[0.167,0.167,0.167],"y":[0.167,0.167,0]},"t":26,"s":[344.864,344.864,100]},{"t":34,"s":[349.864,349.864,100]}],"ix":6}},"ao":0,"shapes":[{"ty":"gr","it":[{"ind":0,"ty":"sh","ix":1,"ks":{"a":0,"k":{"i":[[0,0.372],[0.422,0],[0.092,-0.04],[0,0.023],[0.421,0],[0,-0.421],[-0.002,-0.022],[0.107,0],[0,-0.421],[-0.347,-0.071],[0,-0.196],[-0.422,0],[-0.136,0.213],[-0.271,0],[0,0.421],[0.12,0.135]],"o":[[0,-0.421],[-0.107,0],[0.001,-0.022],[0,-0.421],[-0.421,0],[0,0.023],[-0.093,-0.04],[-0.421,0],[0,0.368],[-0.122,0.136],[0,0.421],[0.27,0],[0.135,0.213],[0.42,0],[0,-0.195],[0.353,-0.067]],"v":[[1.814,-0.238],[1.051,-1.001],[0.75,-0.937],[0.762,-1.001],[0,-1.762],[-0.763,-1.001],[-0.75,-0.937],[-1.052,-1.001],[-1.814,-0.238],[-1.201,0.495],[-1.402,1.001],[-0.639,1.762],[-0.007,1.402],[0.626,1.762],[1.388,1.001],[1.189,0.497]],"c":true},"ix":2},"nm":"Path 1","mn":"ADBE Vector Shape - Group","hd":false},{"ty":"fl","c":{"a":0,"k":[0.862999975681,0.949000000954,1,1],"ix":4},"o":{"a":0,"k":100,"ix":5},"r":1,"bm":0,"nm":"Fill 1","mn":"ADBE Vector Graphic - Fill","hd":false},{"ty":"tr","p":{"a":0,"k":[71.184,35.162],"ix":2},"a":{"a":0,"k":[0,0],"ix":1},"s":{"a":0,"k":[100,100],"ix":3},"r":{"a":0,"k":0,"ix":6},"o":{"a":0,"k":100,"ix":7},"sk":{"a":0,"k":0,"ix":4},"sa":{"a":0,"k":0,"ix":5},"nm":"Transform"}],"nm":"Group 1","np":2,"cix":2,"bm":0,"ix":1,"mn":"ADBE Vector Group","hd":false},{"ty":"gr","it":[{"ind":0,"ty":"sh","ix":1,"ks":{"a":0,"k":{"i":[[0,0.372],[0.422,0],[0.092,-0.04],[0,0.023],[0.421,0],[0,-0.421],[-0.002,-0.022],[0.108,0],[0,-0.421],[-0.347,-0.071],[0,-0.196],[-0.421,0],[-0.135,0.213],[-0.271,0],[0,0.421],[0.121,0.135]],"o":[[0,-0.421],[-0.107,0],[0.002,-0.022],[0,-0.421],[-0.421,0],[0,0.023],[-0.093,-0.04],[-0.421,0],[0,0.368],[-0.121,0.136],[0,0.421],[0.271,0],[0.136,0.213],[0.421,0],[0,-0.195],[0.353,-0.067]],"v":[[1.814,-0.238],[1.051,-1.001],[0.75,-0.937],[0.763,-1.001],[0,-1.762],[-0.763,-1.001],[-0.75,-0.937],[-1.052,-1.001],[-1.814,-0.238],[-1.201,0.495],[-1.401,1.001],[-0.639,1.762],[-0.007,1.402],[0.626,1.762],[1.388,1.001],[1.189,0.497]],"c":true},"ix":2},"nm":"Path 1","mn":"ADBE Vector Shape - Group","hd":false},{"ty":"fl","c":{"a":0,"k":[0.862999975681,0.949000000954,1,1],"ix":4},"o":{"a":0,"k":100,"ix":5},"r":1,"bm":0,"nm":"Fill 1","mn":"ADBE Vector Graphic - Fill","hd":false},{"ty":"tr","p":{"a":0,"k":[47.363,35.162],"ix":2},"a":{"a":0,"k":[0,0],"ix":1},"s":{"a":0,"k":[100,100],"ix":3},"r":{"a":0,"k":0,"ix":6},"o":{"a":0,"k":100,"ix":7},"sk":{"a":0,"k":0,"ix":4},"sa":{"a":0,"k":0,"ix":5},"nm":"Transform"}],"nm":"Group 2","np":2,"cix":2,"bm":0,"ix":2,"mn":"ADBE Vector Group","hd":false},{"ty":"gr","it":[{"ind":0,"ty":"sh","ix":1,"ks":{"a":0,"k":{"i":[[0,0.372],[0.422,0],[0.092,-0.04],[0,0.023],[0.421,0],[0,-0.421],[-0.002,-0.022],[0.108,0],[0,-0.421],[-0.347,-0.071],[0,-0.196],[-0.421,0],[-0.135,0.213],[-0.271,0],[0,0.421],[0.121,0.135]],"o":[[0,-0.421],[-0.107,0],[0.002,-0.022],[0,-0.421],[-0.421,0],[0,0.023],[-0.093,-0.04],[-0.421,0],[0,0.368],[-0.121,0.136],[0,0.421],[0.271,0],[0.135,0.213],[0.42,0],[0,-0.195],[0.353,-0.067]],"v":[[1.814,-0.238],[1.051,-1.001],[0.75,-0.937],[0.762,-1.001],[0,-1.762],[-0.763,-1.001],[-0.75,-0.937],[-1.052,-1.001],[-1.814,-0.238],[-1.201,0.495],[-1.401,1.001],[-0.639,1.762],[-0.007,1.402],[0.626,1.762],[1.388,1.001],[1.189,0.497]],"c":true},"ix":2},"nm":"Path 1","mn":"ADBE Vector Shape - Group","hd":false},{"ty":"fl","c":{"a":0,"k":[0.862999975681,0.949000000954,1,1],"ix":4},"o":{"a":0,"k":100,"ix":5},"r":1,"bm":0,"nm":"Fill 1","mn":"ADBE Vector Graphic - Fill","hd":false},{"ty":"tr","p":{"a":0,"k":[23.542,35.162],"ix":2},"a":{"a":0,"k":[0,0],"ix":1},"s":{"a":0,"k":[100,100],"ix":3},"r":{"a":0,"k":0,"ix":6},"o":{"a":0,"k":100,"ix":7},"sk":{"a":0,"k":0,"ix":4},"sa":{"a":0,"k":0,"ix":5},"nm":"Transform"}],"nm":"Group 3","np":2,"cix":2,"bm":0,"ix":3,"mn":"ADBE Vector Group","hd":false},{"ty":"gr","it":[{"ind":0,"ty":"sh","ix":1,"ks":{"a":0,"k":{"i":[[0,0],[0,0],[0,0],[0,0]],"o":[[0,0],[0,0],[0,0],[0,0]],"v":[[1.435,1.394],[-1.434,1.394],[-1.434,-1.393],[1.435,-1.393]],"c":true},"ix":2},"nm":"Path 1","mn":"ADBE Vector Shape - Group","hd":false},{"ty":"fl","c":{"a":0,"k":[0.223529413342,0.741176486015,0.933333337307,1],"ix":4},"o":{"a":0,"k":100,"ix":5},"r":1,"bm":0,"nm":"Fill 1","mn":"ADBE Vector Graphic - Fill","hd":false},{"ty":"tr","p":{"a":0,"k":[40.846,21.098],"ix":2},"a":{"a":0,"k":[0,0],"ix":1},"s":{"a":0,"k":[100,100],"ix":3},"r":{"a":0,"k":0,"ix":6},"o":{"a":0,"k":100,"ix":7},"sk":{"a":0,"k":0,"ix":4},"sa":{"a":0,"k":0,"ix":5},"nm":"Transform"}],"nm":"Group 4","np":2,"cix":2,"bm":0,"ix":4,"mn":"ADBE Vector Group","hd":false},{"ty":"gr","it":[{"ind":0,"ty":"sh","ix":1,"ks":{"a":0,"k":{"i":[[0,0],[0,0],[-0.232,0.243],[0,0.324],[0,0],[0.231,0.243],[0.347,0],[0,0],[0.185,-0.104],[0.116,-0.196],[0,-0.209],[0,0],[-0.22,-0.244],[-0.302,-0.023],[0,0]],"o":[[0,0],[0.347,0],[0.231,-0.243],[0,0],[0,-0.325],[-0.232,-0.243],[0,0],[-0.208,0],[-0.186,0.104],[-0.116,0.197],[0,0],[0,0.301],[0.22,0.243],[0,0],[0,0]],"v":[[-1.148,7.834],[1.008,7.834],[1.878,7.469],[2.225,6.617],[2.225,1.437],[1.878,0.585],[1.008,0.22],[-1.148,0.22],[-1.739,0.376],[-2.191,0.828],[-2.365,1.437],[-2.365,6.617],[-2.035,7.434],[-1.252,7.834],[-1.217,7.834]],"c":true},"ix":2},"nm":"Path 1","mn":"ADBE Vector Shape - Group","hd":false},{"ind":1,"ty":"sh","ix":2,"ks":{"a":0,"k":{"i":[[-0.325,0],[0,0],[-0.185,0.104],[-0.116,0.197],[0,0.208],[0,0],[0,0],[0,0],[0,0],[0.244,0.232],[0.325,0],[0,0],[0.116,-0.023],[0.115,-0.139],[0,-0.348],[0,0],[0,0],[0,0],[0,0],[-0.243,-0.232]],"o":[[0,0],[0.209,0],[0.186,-0.104],[0.116,-0.197],[0,0],[0,0],[0,0],[0,0],[0,-0.348],[-0.243,-0.232],[0,0],[-0.139,0],[-0.208,0.07],[-0.256,0.232],[0,0],[0,0],[0,0],[0,0],[0,0.347],[0.244,0.231]],"v":[[-1.148,-2.979],[1.042,-2.979],[1.633,-3.135],[2.085,-3.587],[2.26,-4.195],[2.26,-4.404],[2.26,-5.481],[2.26,-6.143],[2.26,-6.664],[1.895,-7.533],[1.042,-7.881],[-1.113,-7.881],[-1.496,-7.846],[-1.982,-7.533],[-2.365,-6.664],[-2.365,-5.899],[-2.365,-4.995],[-2.365,-4.369],[-2.365,-4.195],[-2,-3.326]],"c":true},"ix":2},"nm":"Path 2","mn":"ADBE Vector Shape - Group","hd":false},{"ind":2,"ty":"sh","ix":3,"ks":{"a":0,"k":{"i":[[0,0],[1.158,-0.857],[0,-1.437],[0,0],[0.359,-0.637],[0.637,-0.371],[0.764,0],[0,0],[0.44,0],[0.139,0.024],[0,0],[0.8,0.811],[0,1.135],[0,0],[-0.928,0.811],[-0.024,0.035],[-0.012,0.035],[-0.023,0.034],[0,0.023],[0,1.368],[0,0],[-0.591,0.764],[-0.928,0.232],[-0.186,0.023],[-0.069,0.023],[0,0],[-0.417,-0.023],[0,0],[-0.441,-0.162],[-0.348,-0.267],[-0.255,-0.383],[-0.139,-0.44],[-0.023,-0.093],[0,-0.302]],"o":[[0,1.438],[1.158,0.812],[0,0],[0,0.742],[-0.359,0.638],[-0.638,0.371],[0,0],[-0.371,0.024],[-0.209,0],[0,0],[-1.159,0],[-0.8,-0.811],[0,0],[0,-1.252],[0.022,-0.023],[0.023,-0.034],[0.011,-0.035],[0.023,-0.035],[-1.066,-0.857],[0,0],[0,-0.974],[0.591,-0.765],[0.139,-0.046],[0.116,0],[0,0],[1.205,-0.023],[0,0],[0.463,0],[0.44,0.162],[0.347,0.266],[0.254,0.382],[0,0.047],[0.07,0.301],[0,0]],"v":[[5.562,-4.752],[3.825,-1.31],[5.562,2.063],[5.562,6.93],[5.023,8.998],[3.529,10.511],[1.426,11.066],[0.417,11.066],[-0.799,11.102],[-1.322,11.066],[-1.426,11.066],[-4.364,9.85],[-5.562,6.93],[-5.562,2.063],[-4.172,-1.032],[-4.103,-1.119],[-4.051,-1.223],[-3.999,-1.327],[-3.964,-1.414],[-5.562,-4.752],[-5.562,-6.838],[-4.677,-9.445],[-2.399,-10.94],[-1.913,-11.044],[-1.635,-11.079],[-1.287,-11.079],[1.146,-11.079],[1.39,-11.079],[2.747,-10.836],[3.928,-10.192],[4.833,-9.219],[5.424,-7.985],[5.458,-7.776],[5.562,-6.872]],"c":true},"ix":2},"nm":"Path 3","mn":"ADBE Vector Shape - Group","hd":false},{"ty":"fl","c":{"a":0,"k":[0.223529413342,0.741176486015,0.933333337307,1],"ix":4},"o":{"a":0,"k":100,"ix":5},"r":1,"bm":0,"nm":"Fill 1","mn":"ADBE Vector Graphic - Fill","hd":false},{"ty":"tr","p":{"a":0,"k":[86.672,20.886],"ix":2},"a":{"a":0,"k":[0,0],"ix":1},"s":{"a":0,"k":[100,100],"ix":3},"r":{"a":0,"k":0,"ix":6},"o":{"a":0,"k":100,"ix":7},"sk":{"a":0,"k":0,"ix":4},"sa":{"a":0,"k":0,"ix":5},"nm":"Transform"}],"nm":"Group 5","np":4,"cix":2,"bm":0,"ix":5,"mn":"ADBE Vector Group","hd":false},{"ty":"gr","it":[{"ind":0,"ty":"sh","ix":1,"ks":{"a":0,"k":{"i":[[0,0],[-0.209,0.591],[-0.116,0.324],[-0.301,0.892],[-0.186,0.464],[-0.151,0.418],[-0.07,0.233],[-0.128,0.406],[-0.07,0.185],[-0.221,0.615],[-0.116,0.325],[-0.139,0.417],[-0.069,0.187],[-0.081,0.221],[-0.081,0.209],[-0.047,0.162],[-0.162,0.486],[-0.023,0.092],[0.058,0.093],[0.116,0],[1.159,-0.023],[0,-0.255],[0,0],[0,0],[0,0],[0,0],[0,0],[0,0],[0,0.231],[0,0],[-0.034,0.035],[-0.163,0],[0,0],[0,0],[0.046,-0.162],[0.266,-0.8],[0.07,-0.139],[0.254,-0.718],[0.116,-0.348],[0.208,-0.614],[0.093,-0.324],[0.301,-0.823],[0.138,-0.417],[0.255,-0.752],[0.116,-0.3],[0.266,-0.777],[0.069,-0.208],[0.127,-0.393],[0.092,-0.209],[0.162,0],[0.335,-0.023],[0.185,0]],"o":[[0.092,-0.278],[0.209,-0.591],[0.14,-0.394],[0.301,-0.893],[0.069,-0.231],[0.15,-0.417],[0.07,-0.184],[0.127,-0.405],[0.116,-0.325],[0.22,-0.614],[0.07,-0.208],[0.139,-0.417],[0.046,-0.161],[0.081,-0.22],[0.081,-0.208],[0.092,-0.255],[0.162,-0.488],[0.046,-0.117],[-0.058,-0.092],[-0.603,-0.023],[-0.232,0],[0,0],[0,0],[0,0],[0,0],[0,0],[0,0],[-0.186,0.023],[0,0],[0,-0.186],[0.035,-0.035],[0,0],[0,0],[-0.139,0.51],[-0.162,0.417],[-0.267,0.8],[-0.117,0.371],[-0.256,0.719],[-0.116,0.301],[-0.209,0.614],[-0.139,0.394],[-0.301,0.822],[-0.14,0.417],[-0.255,0.754],[-0.139,0.417],[-0.267,0.777],[-0.047,0.07],[-0.128,0.395],[-0.047,0.138],[-0.163,0],[-0.337,0.023],[0,0]],"v":[[-5.562,11.212],[-5.111,9.908],[-4.625,8.535],[-3.964,6.606],[-3.233,4.571],[-2.903,3.598],[-2.573,2.624],[-2.277,1.738],[-1.982,0.852],[-1.478,-0.557],[-0.974,-1.965],[-0.661,-2.903],[-0.348,-3.808],[-0.157,-4.381],[0.087,-5.024],[0.279,-5.58],[0.661,-6.692],[0.939,-7.561],[0.921,-7.875],[0.661,-8.014],[-1.982,-8.014],[-2.33,-7.632],[-2.33,-6.101],[-2.33,-5.789],[-4.068,-5.789],[-4.451,-5.789],[-4.902,-5.789],[-5.285,-5.789],[-5.562,-6.101],[-5.562,-10.83],[-5.511,-11.16],[-5.215,-11.212],[4.798,-11.212],[5.562,-11.212],[5.285,-10.204],[4.641,-8.379],[4.137,-6.971],[3.581,-5.337],[3.025,-3.737],[2.538,-2.364],[2.085,-0.956],[1.426,0.869],[0.766,2.729],[0.174,4.484],[-0.383,6.066],[-0.991,7.857],[-1.495,9.334],[-1.756,10.029],[-2.086,10.934],[-2.399,11.143],[-3.146,11.177],[-3.929,11.212]],"c":true},"ix":2},"nm":"Path 1","mn":"ADBE Vector Shape - Group","hd":false},{"ty":"fl","c":{"a":0,"k":[0.223529413342,0.741176486015,0.933333337307,1],"ix":4},"o":{"a":0,"k":100,"ix":5},"r":1,"bm":0,"nm":"Fill 1","mn":"ADBE Vector Graphic - Fill","hd":false},{"ty":"tr","p":{"a":0,"k":[74.504,20.706],"ix":2},"a":{"a":0,"k":[0,0],"ix":1},"s":{"a":0,"k":[100,100],"ix":3},"r":{"a":0,"k":0,"ix":6},"o":{"a":0,"k":100,"ix":7},"sk":{"a":0,"k":0,"ix":4},"sa":{"a":0,"k":0,"ix":5},"nm":"Transform"}],"nm":"Group 6","np":2,"cix":2,"bm":0,"ix":6,"mn":"ADBE Vector Group","hd":false},{"ty":"gr","it":[{"ind":0,"ty":"sh","ix":1,"ks":{"a":0,"k":{"i":[[-0.395,0],[-0.36,0.209],[-0.197,0.347],[0,0.417],[0.44,0.441],[0.638,0],[0.44,-0.439],[0,-0.626],[-0.301,-0.394],[-0.325,-0.139]],"o":[[0.394,0],[0.359,-0.208],[0.197,-0.348],[0,-0.626],[-0.44,-0.439],[-0.637,0],[-0.441,0.441],[0,0.51],[0.139,0.278],[0.37,0.209]],"v":[[0.081,7.718],[1.212,7.405],[2.046,6.571],[2.342,5.423],[1.68,3.823],[0.064,3.163],[-1.553,3.823],[-2.214,5.423],[-1.762,6.779],[-1.066,7.405]],"c":true},"ix":2},"nm":"Path 1","mn":"ADBE Vector Shape - Group","hd":false},{"ind":1,"ty":"sh","ix":2,"ks":{"a":0,"k":{"i":[[0,-0.07],[0,0],[-0.023,-0.37],[0.695,-0.95],[0.719,-0.371],[0.626,-0.093],[0.255,0],[1.054,0.962],[0.115,1.436],[0,0],[0,0],[0,0],[-0.069,0.858],[0,0],[-0.023,0.047],[-0.139,0.486],[-0.046,0.29],[-0.047,0.116],[-0.116,0.324],[-0.371,0.766],[-0.534,0.65],[-0.487,0.604],[-0.163,0.14],[-0.406,0.325],[-0.139,0.117],[-0.023,0],[-0.232,0.139],[-0.139,0.069],[0,0],[-0.325,0],[-0.302,-0.301],[0,-0.417],[0.185,-0.278],[0.046,-0.046],[0.44,-0.324],[0.139,-0.081],[0.022,-0.047],[0.069,-0.047],[0.046,-0.023],[0.163,-0.139],[0.116,-0.128],[0.093,-0.093],[0.116,-0.14],[0.093,-0.093],[0.139,-0.209],[0.266,-0.418],[0.162,-0.184],[0.208,-0.811],[-0.186,-0.162],[-0.255,-0.046],[-0.116,0],[-0.696,-0.324],[-0.208,-0.138],[-0.441,-0.556],[-0.035,-0.034],[-0.023,-0.023],[-0.069,-0.254],[-0.035,-0.105],[-0.047,-0.14]],"o":[[0,0],[0.023,0.185],[-0.023,1.206],[-0.486,0.673],[-0.556,0.325],[-0.301,0.023],[-1.438,0],[-1.056,-0.961],[0,0],[0,0],[0,0],[-0.024,-0.718],[0,0],[0,-0.046],[0.046,-0.44],[0.023,-0.14],[0.046,-0.289],[0.208,-0.927],[0.231,-0.603],[0.487,-1.02],[0.417,-0.51],[0.44,-0.556],[0.208,-0.184],[0.405,-0.325],[0.023,-0.046],[0.116,-0.07],[0.231,-0.139],[0,0],[0.255,-0.185],[0.417,0],[0.301,0.301],[0,0.348],[-0.07,0.093],[-0.047,0.069],[-0.047,0.071],[-0.139,0.081],[-0.07,0.07],[-0.07,0.046],[-0.51,0.463],[-0.116,0.069],[-0.116,0.127],[-0.093,0.093],[-0.116,0.138],[0,0.024],[-0.024,0],[-0.266,0.417],[-0.441,0.604],[-0.07,0.279],[0.14,0.117],[0.047,-0.023],[0.764,0],[0.255,0.093],[0.579,0.371],[0,0.023],[0.035,0.035],[0.324,0.394],[0,0.024],[0.035,0.104],[0.046,0.139]],"v":[[5.331,4.276],[5.365,4.728],[5.436,5.562],[4.357,8.795],[2.549,10.36],[0.777,10.986],[-0.058,11.021],[-3.795,9.577],[-5.551,5.98],[-5.551,5.875],[-5.551,5.788],[-5.551,5.701],[-5.482,3.337],[-5.482,3.302],[-5.447,3.163],[-5.169,1.773],[-5.064,1.129],[-4.924,0.521],[-4.439,-1.356],[-3.535,-3.408],[-2.005,-5.911],[-0.648,-7.58],[0.256,-8.623],[1.176,-9.387],[1.993,-10.048],[2.062,-10.117],[2.585,-10.43],[3.141,-10.743],[3.176,-10.743],[4.044,-11.021],[5.122,-10.569],[5.575,-9.492],[5.297,-8.553],[5.122,-8.344],[4.393,-7.754],[4.115,-7.527],[3.872,-7.336],[3.663,-7.162],[3.488,-7.058],[2.48,-6.154],[2.133,-5.858],[1.82,-5.528],[1.507,-5.18],[1.193,-4.833],[0.986,-4.485],[0.551,-3.859],[-0.092,-2.956],[-1.066,-0.835],[-0.893,-0.175],[-0.301,0.069],[-0.058,0.034],[2.133,0.521],[2.827,0.868],[4.357,2.259],[4.41,2.346],[4.497,2.433],[5.087,3.406],[5.139,3.598],[5.262,3.963]],"c":true},"ix":2},"nm":"Path 2","mn":"ADBE Vector Shape - Group","hd":false},{"ty":"fl","c":{"a":0,"k":[0.223529413342,0.741176486015,0.933333337307,1],"ix":4},"o":{"a":0,"k":100,"ix":5},"r":1,"bm":0,"nm":"Fill 1","mn":"ADBE Vector Graphic - Fill","hd":false},{"ty":"tr","p":{"a":0,"k":[61.629,21.002],"ix":2},"a":{"a":0,"k":[0,0],"ix":1},"s":{"a":0,"k":[100,100],"ix":3},"r":{"a":0,"k":0,"ix":6},"o":{"a":0,"k":100,"ix":7},"sk":{"a":0,"k":0,"ix":4},"sa":{"a":0,"k":0,"ix":5},"nm":"Transform"}],"nm":"Group 7","np":3,"cix":2,"bm":0,"ix":7,"mn":"ADBE Vector Group","hd":false},{"ty":"gr","it":[{"ind":0,"ty":"sh","ix":1,"ks":{"a":0,"k":{"i":[[0.046,-0.231],[0.127,0.035],[0.069,0.024],[0.324,0.093],[0.046,0.047],[0,0.231],[0,0],[-0.034,0.035],[-0.186,0],[0,0],[0,0],[0,0],[0,0],[0,0],[0.127,-0.126],[0,-0.278],[0,0],[-0.116,-0.104],[-0.254,0],[0,0],[-0.417,-0.14],[-0.371,-0.439],[-0.116,-0.116],[-0.105,-0.115],[-0.023,-0.023],[0.022,-1.019],[0,0],[-0.012,-0.243],[-0.012,-0.209],[0.023,-0.186],[0.092,-0.488],[0.579,-0.742],[1.159,-0.301],[0.718,-0.023],[0.301,0.069],[0.509,0.256],[0.394,1.646],[0.115,0.672],[-0.232,0.024],[-0.451,0.082],[-0.348,0.07],[-0.116,-0.023],[-0.023,-0.162],[-0.069,-0.255],[-0.695,-0.278],[-0.371,0.082],[-0.197,0.103],[-0.07,0.069],[0,0.533],[-0.023,0.858],[0,0.464],[0.046,0.789],[0.139,0.232],[0.741,0.024],[0.695,-0.047],[0.081,-0.046],[0.058,-0.046],[0.081,-0.081],[0.023,-0.046],[0.07,-0.116]],"o":[[-0.023,0],[-0.128,-0.035],[-1.043,-0.278],[-0.208,-0.046],[-0.047,-0.046],[0,0],[0,-0.185],[0.035,-0.034],[0,0],[0,0],[0,0],[0,0],[0,0],[-0.278,0],[-0.128,0.128],[0,0],[0,0.255],[0.116,0.104],[0,0],[0.718,0.047],[0.672,0.208],[0.046,0.071],[0.116,0.116],[0.104,0.116],[0.51,0.672],[0,0],[0,0.163],[0.012,0.244],[0.011,0.208],[-0.024,1.205],[-0.116,0.719],[-0.765,0.927],[-0.348,0.094],[-0.487,0.023],[-0.209,-0.046],[-1.576,-0.741],[-0.023,-0.093],[-0.047,-0.186],[0.093,-0.022],[0.452,-0.081],[0.348,-0.069],[0.139,0],[0.047,0.51],[0.162,0.625],[0.37,0.116],[0.371,-0.081],[0.197,-0.105],[0.533,-0.487],[0,-0.186],[0.023,-0.857],[0,-0.696],[-0.024,-0.115],[-0.255,-0.44],[-0.579,0],[-0.093,0.023],[-0.081,0.047],[-0.058,0.047],[-0.081,0.081],[-0.117,0.093],[0,0.024]],"v":[[-2.529,0.214],[-2.755,0.162],[-3.05,0.075],[-5.102,-0.481],[-5.484,-0.62],[-5.553,-1.037],[-5.553,-10.737],[-5.502,-11.067],[-5.171,-11.119],[5.363,-11.119],[5.502,-11.119],[5.502,-7.956],[5.224,-7.956],[-1.521,-7.956],[-2.129,-7.765],[-2.321,-7.156],[-2.321,-5.035],[-2.147,-4.496],[-1.591,-4.34],[0.774,-4.34],[2.477,-4.061],[4.042,-3.089],[4.285,-2.81],[4.616,-2.463],[4.806,-2.254],[5.537,0.284],[5.537,2.474],[5.554,3.082],[5.589,3.761],[5.572,4.352],[5.398,6.89],[4.355,9.08],[1.469,10.922],[-0.13,11.096],[-1.312,11.027],[-2.39,10.574],[-5.345,6.994],[-5.553,5.847],[-5.276,5.533],[-4.459,5.377],[-3.259,5.151],[-2.564,5.082],[-2.321,5.325],[-2.147,6.473],[-0.86,7.828],[0.252,7.88],[1.104,7.603],[1.504,7.342],[2.304,5.812],[2.338,4.247],[2.373,2.266],[2.304,0.04],[2.06,-0.481],[0.565,-1.177],[-1.347,-1.106],[-1.608,-1.003],[-1.816,-0.863],[-2.025,-0.672],[-2.181,-0.481],[-2.46,-0.168]],"c":true},"ix":2},"nm":"Path 1","mn":"ADBE Vector Shape - Group","hd":false},{"ty":"fl","c":{"a":0,"k":[0.223529413342,0.741176486015,0.933333337307,1],"ix":4},"o":{"a":0,"k":100,"ix":5},"r":1,"bm":0,"nm":"Fill 1","mn":"ADBE Vector Graphic - Fill","hd":false},{"ty":"tr","p":{"a":0,"k":[49.116,20.856],"ix":2},"a":{"a":0,"k":[0,0],"ix":1},"s":{"a":0,"k":[100,100],"ix":3},"r":{"a":0,"k":0,"ix":6},"o":{"a":0,"k":100,"ix":7},"sk":{"a":0,"k":0,"ix":4},"sa":{"a":0,"k":0,"ix":5},"nm":"Transform"}],"nm":"Group 8","np":2,"cix":2,"bm":0,"ix":8,"mn":"ADBE Vector Group","hd":false},{"ty":"gr","it":[{"ind":0,"ty":"sh","ix":1,"ks":{"a":0,"k":{"i":[[-0.093,0.395],[-0.51,-0.115],[0.127,-0.244],[0.046,-0.115],[0.58,-0.475],[0.834,-0.069],[1.275,0.117],[0.856,1.09],[0,1.136],[-0.023,2.04],[-1.901,0.811],[-1.275,-0.093],[-0.197,-0.034],[-0.093,0.023],[-0.951,-1.529],[-0.232,-0.649],[0.278,-0.07],[1.576,-0.395],[0.996,-0.07],[0.37,0.046],[0.301,-0.336],[0,-0.509],[0,-4.566],[0.023,-1.414],[-0.069,-0.22],[-0.139,-0.139],[-0.209,-0.081],[-0.278,0],[0,0],[0,0],[0,0],[-0.209,0.081],[-0.117,0.187]],"o":[[1.692,0.418],[0,0.023],[-0.128,0.243],[-0.348,0.812],[-0.579,0.476],[-1.182,0.117],[-0.927,-0.092],[-0.603,-0.765],[0,-6.512],[0.023,-2.201],[0.672,-0.301],[0.07,0],[0.197,0.035],[1.622,-0.092],[0.092,0.163],[0.093,0.232],[-0.232,0.047],[-0.208,-0.997],[-0.51,0.046],[-0.534,-0.047],[-0.302,0.336],[0.023,1.762],[0,0.695],[0,0.255],[0.07,0.22],[0.139,0.139],[0.208,0.082],[0,0],[0,0],[0,0],[0.37,-0.023],[0.208,-0.082],[0.115,-0.184]],"v":[[2.312,6.646],[5.615,7.445],[5.424,7.846],[5.163,8.383],[3.771,10.314],[1.651,11.131],[-2.035,11.131],[-4.71,9.357],[-5.615,6.507],[-5.581,-6.322],[-2.695,-10.842],[0.225,-11.154],[0.626,-11.102],[1.061,-11.085],[4.919,-8.93],[5.406,-7.712],[5.128,-7.26],[2.415,-6.6],[0.609,-7.99],[-0.713,-7.99],[-1.965,-7.555],[-2.417,-6.288],[-2.382,3.204],[-2.417,6.368],[-2.312,7.081],[-1.999,7.62],[-1.478,7.95],[-0.747,8.072],[-0.331,8.072],[0.191,8.072],[0.643,8.072],[1.512,7.915],[1.999,7.514]],"c":true},"ix":2},"nm":"Path 1","mn":"ADBE Vector Shape - Group","hd":false},{"ty":"fl","c":{"a":0,"k":[0.223529413342,0.741176486015,0.933333337307,1],"ix":4},"o":{"a":0,"k":100,"ix":5},"r":1,"bm":0,"nm":"Fill 1","mn":"ADBE Vector Graphic - Fill","hd":false},{"ty":"tr","p":{"a":0,"k":[33.139,20.787],"ix":2},"a":{"a":0,"k":[0,0],"ix":1},"s":{"a":0,"k":[100,100],"ix":3},"r":{"a":0,"k":0,"ix":6},"o":{"a":0,"k":100,"ix":7},"sk":{"a":0,"k":0,"ix":4},"sa":{"a":0,"k":0,"ix":5},"nm":"Transform"}],"nm":"Group 9","np":2,"cix":2,"bm":0,"ix":9,"mn":"ADBE Vector Group","hd":false},{"ty":"gr","it":[{"ind":0,"ty":"sh","ix":1,"ks":{"a":0,"k":{"i":[[-0.023,0.719],[0,0],[0,0],[0.034,0.162],[0.151,0.128],[0.3,0],[0,0],[0.185,-0.185],[0,-0.301],[0,0],[0,0],[0,0],[0,0],[0,0],[-0.626,-0.022],[0,0]],"o":[[0,0],[0,0],[0,-0.37],[-0.035,-0.162],[-0.15,-0.127],[0,0],[-0.302,0],[-0.186,0.186],[0,0],[0,0],[0,0],[0,0],[0,0],[0,0.625],[0,0],[0.696,0]],"v":[[2.364,-2.66],[2.364,-4.415],[2.364,-6.518],[2.312,-7.318],[2.033,-7.753],[1.356,-7.945],[-0.417,-7.945],[-1.147,-7.667],[-1.426,-6.936],[-1.426,-6.258],[-1.426,-5.441],[-1.426,-4.745],[-1.391,-4.745],[-1.391,-2.555],[-0.452,-1.583],[1.286,-1.583]],"c":true},"ix":2},"nm":"Path 1","mn":"ADBE Vector Shape - Group","hd":false},{"ind":1,"ty":"sh","ix":2,"ks":{"a":0,"k":{"i":[[0,0.394],[0.023,0.926],[0,0],[0.718,0.069],[0.591,-0.046],[0.047,-0.648],[-0.012,-0.208],[0,-0.07],[0.012,-0.463],[0.012,-0.37],[0.023,-0.347],[-0.764,0],[0,0],[-0.162,0.162]],"o":[[0.023,-0.464],[0,0],[0,-0.741],[-0.556,-0.046],[-0.591,0.047],[-0.023,0.069],[0.011,0.209],[-0.023,0.255],[-0.012,0.464],[-0.012,0.371],[0,0.765],[0,0],[0.394,0],[0.162,-0.163]],"v":[[2.364,6.902],[2.364,4.816],[2.364,2.764],[1.286,1.547],[-0.435,1.547],[-1.391,2.59],[-1.408,3.007],[-1.391,3.424],[-1.443,4.501],[-1.478,5.753],[-1.53,6.831],[-0.383,7.979],[1.286,7.979],[2.12,7.736]],"c":true},"ix":2},"nm":"Path 2","mn":"ADBE Vector Shape - Group","hd":false},{"ind":2,"ty":"sh","ix":3,"ks":{"a":0,"k":{"i":[[0,-0.556],[-0.023,-4.103],[0,0],[0.278,-0.161],[0.603,-0.648],[0,0],[0,0],[0,0],[-0.024,0.047],[-0.047,0.035],[-0.069,-0.023],[-0.082,0.012],[-0.034,0.093],[0,0.185],[-0.046,0.788],[0,0.326],[0,0],[-0.024,0.765],[0.07,0.069],[0.185,-0.023],[0,0.326],[0.023,0.765],[-0.255,0],[0,0],[-0.29,-0.301],[-0.163,-0.162],[-0.093,-0.093]],"o":[[-0.023,3.292],[0,0],[0,0.395],[-0.232,0.163],[0,0],[0,0],[0,0],[0,-0.091],[0.023,-0.047],[0.046,-0.034],[0.163,0],[0.081,-0.012],[0.035,-0.092],[0,-0.417],[0.046,-0.788],[0,0],[0,-1.53],[0,-0.185],[-0.069,-0.07],[-0.278,0.046],[0.023,-0.764],[0,-0.278],[0,0],[0.116,0.139],[0.289,0.301],[0.092,0.093],[0.301,0.232]],"v":[[5.632,-8.361],[5.632,2.73],[5.632,8.708],[5.215,9.542],[3.963,10.76],[3.789,11.178],[-5.632,11.178],[-5.632,8.326],[-5.597,8.118],[-5.493,7.995],[-5.32,7.979],[-4.954,7.962],[-4.781,7.805],[-4.728,7.387],[-4.659,5.579],[-4.589,3.911],[-4.624,-4.154],[-4.589,-7.596],[-4.694,-7.979],[-5.076,-8.049],[-5.493,-8.467],[-5.493,-10.76],[-5.111,-11.178],[3.615,-11.178],[4.224,-10.516],[4.902,-9.822],[5.18,-9.544]],"c":true},"ix":2},"nm":"Path 3","mn":"ADBE Vector Shape - Group","hd":false},{"ty":"fl","c":{"a":0,"k":[0.223529413342,0.741176486015,0.933333337307,1],"ix":4},"o":{"a":0,"k":100,"ix":5},"r":1,"bm":0,"nm":"Fill 1","mn":"ADBE Vector Graphic - Fill","hd":false},{"ty":"tr","p":{"a":0,"k":[20.641,20.845],"ix":2},"a":{"a":0,"k":[0,0],"ix":1},"s":{"a":0,"k":[100,100],"ix":3},"r":{"a":0,"k":0,"ix":6},"o":{"a":0,"k":100,"ix":7},"sk":{"a":0,"k":0,"ix":4},"sa":{"a":0,"k":0,"ix":5},"nm":"Transform"}],"nm":"Group 10","np":4,"cix":2,"bm":0,"ix":10,"mn":"ADBE Vector Group","hd":false},{"ty":"gr","it":[{"ind":0,"ty":"sh","ix":1,"ks":{"a":0,"k":{"i":[[0,0],[0.046,0.347],[0.046,0.186],[0.046,0.058],[0.07,0.069],[0.023,0.024],[0.057,-0.07],[0.035,-0.046],[0,-0.069],[0.37,-1.97],[-0.023,-0.092],[-0.081,-0.034],[-0.208,0],[0,0],[0,0]],"o":[[0.324,0],[-0.371,-2.203],[0,-0.045],[-0.047,-0.057],[-0.069,-0.07],[-0.023,0.024],[-0.059,0.069],[-0.034,0.047],[-0.093,0.348],[-0.047,0.186],[0.023,0.093],[0.082,0.036],[0,0],[0,0],[0,0]],"v":[[0.626,4.206],[1.042,3.686],[0.417,0.104],[0.348,-0.053],[0.173,-0.243],[0.035,-0.382],[-0.087,-0.243],[-0.227,-0.07],[-0.279,0.104],[-0.973,3.581],[-1.008,3.997],[-0.852,4.189],[-0.417,4.242],[-0.07,4.242],[-0.07,4.206]],"c":true},"ix":2},"nm":"Path 1","mn":"ADBE Vector Shape - Group","hd":false},{"ind":1,"ty":"sh","ix":2,"ks":{"a":0,"k":{"i":[[-0.047,-0.278],[0,0],[0.44,0.024],[0.069,0.047],[0,0.047],[0.186,0.996],[0.278,0],[1.043,0.023],[0.023,-0.231],[0.348,-1.807],[0,0],[0,0],[0,0],[-0.023,0.046],[-0.127,0.799],[-0.047,0.348],[-0.139,0.685],[-0.046,0.255],[-0.139,0.799],[-0.069,0.371],[-0.047,0.255],[-0.035,0.197],[-0.046,0.256],[-0.046,0.186],[-0.464,2.386],[-0.07,0.057],[-0.301,0],[0,0],[-0.046,-0.348],[-0.441,-2.481],[0,0],[-0.034,-0.37],[-0.023,-0.161],[-0.069,-0.313],[-0.024,-0.138],[-0.069,-0.393],[-0.07,-0.395],[-0.047,-0.301],[-0.07,-0.347],[-0.058,-0.278],[-0.069,-0.359]],"o":[[0,0],[-1.554,0],[-0.047,0],[-0.07,-0.046],[-0.186,-0.996],[-0.046,-0.301],[-0.696,0.023],[-0.232,0],[-0.07,0.395],[0,0],[0,0],[0,0],[0.487,-2.434],[0.069,-0.418],[0.127,-0.8],[0.069,-0.37],[0.139,-0.682],[0.07,-0.418],[0.139,-0.8],[0.046,-0.209],[0.046,-0.255],[0.034,-0.197],[0.047,-0.254],[0.163,-0.904],[0.046,-0.301],[0.07,-0.058],[0,0],[0.347,0],[0.14,0.719],[0,0],[0.023,0.185],[0.035,0.371],[0.023,0.163],[0.07,0.312],[0.045,0.302],[0.07,0.395],[0.069,0.394],[0.046,0.278],[0.069,0.348],[0.058,0.278],[0.069,0.359]],"v":[[5.598,10.708],[5.598,11.195],[2.607,11.16],[2.434,11.09],[2.329,10.951],[1.773,7.962],[1.286,7.51],[-1.322,7.51],[-1.704,7.857],[-2.329,11.16],[-5.598,11.16],[-5.598,11.055],[-5.598,10.917],[-4.833,7.197],[-4.538,5.372],[-4.277,3.65],[-3.964,2.068],[-3.686,0.661],[-3.372,-1.165],[-3.059,-2.921],[-2.921,-3.615],[-2.799,-4.294],[-2.678,-4.973],[-2.538,-5.632],[-1.6,-10.568],[-1.426,-11.107],[-0.87,-11.195],[1.182,-11.195],[1.773,-10.673],[2.643,-5.876],[3.859,0.626],[3.945,1.46],[4.033,2.26],[4.171,2.973],[4.311,3.65],[4.484,4.693],[4.693,5.876],[4.867,6.919],[5.042,7.857],[5.232,8.796],[5.423,9.751]],"c":true},"ix":2},"nm":"Path 2","mn":"ADBE Vector Shape - Group","hd":false},{"ty":"fl","c":{"a":0,"k":[0.223529413342,0.741176486015,0.933333337307,1],"ix":4},"o":{"a":0,"k":100,"ix":5},"r":1,"bm":0,"nm":"Fill 1","mn":"ADBE Vector Graphic - Fill","hd":false},{"ty":"tr","p":{"a":0,"k":[8.125,20.828],"ix":2},"a":{"a":0,"k":[0,0],"ix":1},"s":{"a":0,"k":[100,100],"ix":3},"r":{"a":0,"k":0,"ix":6},"o":{"a":0,"k":100,"ix":7},"sk":{"a":0,"k":0,"ix":4},"sa":{"a":0,"k":0,"ix":5},"nm":"Transform"}],"nm":"Group 11","np":3,"cix":2,"bm":0,"ix":11,"mn":"ADBE Vector Group","hd":false},{"ty":"gr","it":[{"ind":0,"ty":"sh","ix":1,"ks":{"a":0,"k":{"i":[[0,-0.6],[0.6,0],[0,0],[0,0.601],[-0.601,0],[0,0]],"o":[[0,0.601],[0,0],[-0.601,0],[0,-0.6],[0,0],[0.6,0]],"v":[[3.803,0],[2.715,1.087],[-2.715,1.087],[-3.803,0],[-2.715,-1.087],[2.715,-1.087]],"c":true},"ix":2},"nm":"Path 1","mn":"ADBE Vector Shape - Group","hd":false},{"ty":"fl","c":{"a":0,"k":[0.862999975681,0.949000000954,1,1],"ix":4},"o":{"a":0,"k":100,"ix":5},"r":1,"bm":0,"nm":"Fill 1","mn":"ADBE Vector Graphic - Fill","hd":false},{"ty":"tr","p":{"a":0,"k":[71.279,4.92],"ix":2},"a":{"a":0,"k":[0,0],"ix":1},"s":{"a":0,"k":[100,100],"ix":3},"r":{"a":0,"k":0,"ix":6},"o":{"a":0,"k":100,"ix":7},"sk":{"a":0,"k":0,"ix":4},"sa":{"a":0,"k":0,"ix":5},"nm":"Transform"}],"nm":"Group 12","np":2,"cix":2,"bm":0,"ix":12,"mn":"ADBE Vector Group","hd":false},{"ty":"gr","it":[{"ind":0,"ty":"sh","ix":1,"ks":{"a":0,"k":{"i":[[0,-0.6],[0.6,0],[0,0],[0,0.601],[-0.6,0],[0,0]],"o":[[0,0.601],[0,0],[-0.6,0],[0,-0.6],[0,0],[0.6,0]],"v":[[3.803,0],[2.716,1.087],[-2.716,1.087],[-3.803,0],[-2.716,-1.087],[2.716,-1.087]],"c":true},"ix":2},"nm":"Path 1","mn":"ADBE Vector Shape - Group","hd":false},{"ty":"fl","c":{"a":0,"k":[0.862999975681,0.949000000954,1,1],"ix":4},"o":{"a":0,"k":100,"ix":5},"r":1,"bm":0,"nm":"Fill 1","mn":"ADBE Vector Graphic - Fill","hd":false},{"ty":"tr","p":{"a":0,"k":[23.446,4.92],"ix":2},"a":{"a":0,"k":[0,0],"ix":1},"s":{"a":0,"k":[100,100],"ix":3},"r":{"a":0,"k":0,"ix":6},"o":{"a":0,"k":100,"ix":7},"sk":{"a":0,"k":0,"ix":4},"sa":{"a":0,"k":0,"ix":5},"nm":"Transform"}],"nm":"Group 13","np":2,"cix":2,"bm":0,"ix":13,"mn":"ADBE Vector Group","hd":false},{"ty":"gr","it":[{"ind":0,"ty":"sh","ix":1,"ks":{"a":0,"k":{"i":[[0,0],[3.353,0],[0,0],[0,3.353],[0,0],[-3.353,0],[0,0],[0,-3.353]],"o":[[0,3.353],[0,0],[-3.353,0],[0,0],[0,-3.353],[0,0],[3.353,0],[0,0]],"v":[[47.363,13.634],[41.292,19.705],[-41.292,19.705],[-47.363,13.634],[-47.363,-13.634],[-41.292,-19.705],[41.292,-19.705],[47.363,-13.634]],"c":true},"ix":2},"nm":"Path 1","mn":"ADBE Vector Shape - Group","hd":false},{"ty":"fl","c":{"a":0,"k":[0.98400002718,0.98400002718,1,1],"ix":4},"o":{"a":0,"k":100,"ix":5},"r":1,"bm":0,"nm":"Fill 1","mn":"ADBE Vector Graphic - Fill","hd":false},{"ty":"tr","p":{"a":0,"k":[47.362,19.705],"ix":2},"a":{"a":0,"k":[0,0],"ix":1},"s":{"a":0,"k":[100,100],"ix":3},"r":{"a":0,"k":0,"ix":6},"o":{"a":0,"k":100,"ix":7},"sk":{"a":0,"k":0,"ix":4},"sa":{"a":0,"k":0,"ix":5},"nm":"Transform"}],"nm":"Group 14","np":2,"cix":2,"bm":0,"ix":14,"mn":"ADBE Vector Group","hd":false}],"ip":0,"op":182,"st":0,"bm":0},{"ddd":0,"ind":10,"ty":4,"nm":"Shape Layer 1","parent":9,"sr":1,"ks":{"o":{"a":0,"k":100,"ix":11},"r":{"a":0,"k":0,"ix":10},"p":{"a":0,"k":[49.612,22.112,0],"ix":2},"a":{"a":0,"k":[0,0,0],"ix":1},"s":{"a":0,"k":[23.469,23.469,100],"ix":6}},"ao":0,"shapes":[{"ty":"gr","it":[{"ty":"rc","d":1,"s":{"a":0,"k":[401.918,165.895],"ix":2},"p":{"a":0,"k":[0,0],"ix":3},"r":{"a":0,"k":26,"ix":4},"nm":"Rectangle Path 1","mn":"ADBE Vector Shape - Rect","hd":false},{"ty":"st","c":{"a":0,"k":[1,1,1,1],"ix":3},"o":{"a":0,"k":100,"ix":4},"w":{"a":0,"k":0,"ix":5},"lc":1,"lj":1,"ml":4,"bm":0,"nm":"Stroke 1","mn":"ADBE Vector Graphic - Stroke","hd":false},{"ty":"fl","c":{"a":0,"k":[0.909803926945,0.909803926945,0.909803926945,1],"ix":4},"o":{"a":0,"k":100,"ix":5},"r":1,"bm":0,"nm":"Fill 1","mn":"ADBE Vector Graphic - Fill","hd":false},{"ty":"tr","p":{"a":0,"k":[-2.041,-2.053],"ix":2},"a":{"a":0,"k":[0,0],"ix":1},"s":{"a":0,"k":[100,100],"ix":3},"r":{"a":0,"k":0,"ix":6},"o":{"a":0,"k":100,"ix":7},"sk":{"a":0,"k":0,"ix":4},"sa":{"a":0,"k":0,"ix":5},"nm":"Transform"}],"nm":"Rectangle 1","np":3,"cix":2,"bm":0,"ix":1,"mn":"ADBE Vector Group","hd":false}],"ip":0,"op":182,"st":0,"bm":0}]},{"id":"comp_2","layers":[{"ddd":0,"ind":1,"ty":0,"nm":"left_tire","refId":"comp_3","sr":1,"ks":{"o":{"a":0,"k":100,"ix":11},"r":{"a":1,"k":[{"i":{"x":[0.833],"y":[0.833]},"o":{"x":[0.167],"y":[0.167]},"t":0,"s":[0]},{"t":60,"s":[709]}],"ix":10},"p":{"a":0,"k":[302.75,171.75,0],"ix":2},"a":{"a":0,"k":[25,25,0],"ix":1},"s":{"a":0,"k":[100,100,100],"ix":6}},"ao":0,"w":50,"h":50,"ip":0,"op":1800,"st":0,"bm":0},{"ddd":0,"ind":2,"ty":0,"nm":"left_tire","refId":"comp_3","sr":1,"ks":{"o":{"a":0,"k":100,"ix":11},"r":{"a":1,"k":[{"i":{"x":[0.833],"y":[0.833]},"o":{"x":[0.167],"y":[0.167]},"t":0,"s":[0]},{"t":60,"s":[709]}],"ix":10},"p":{"a":0,"k":[92.75,171.75,0],"ix":2},"a":{"a":0,"k":[25,25,0],"ix":1},"s":{"a":0,"k":[100,100,100],"ix":6}},"ao":0,"w":50,"h":50,"ip":0,"op":1800,"st":0,"bm":0},{"ddd":0,"ind":3,"ty":0,"nm":"car","refId":"comp_4","sr":1,"ks":{"o":{"a":0,"k":100,"ix":11},"r":{"a":0,"k":0,"ix":10},"p":{"a":1,"k":[{"i":{"x":0.667,"y":1},"o":{"x":0.333,"y":0},"t":0,"s":[200,112,0],"to":[0,0.667,0],"ti":[0,0,0]},{"i":{"x":0.667,"y":1},"o":{"x":0.333,"y":0},"t":10,"s":[200,116,0],"to":[0,0,0],"ti":[0,0,0]},{"i":{"x":0.667,"y":1},"o":{"x":0.333,"y":0},"t":20,"s":[200,112,0],"to":[0,0,0],"ti":[0,0,0]},{"i":{"x":0.667,"y":1},"o":{"x":0.333,"y":0},"t":30,"s":[200,116,0],"to":[0,0,0],"ti":[0,0,0]},{"i":{"x":0.667,"y":1},"o":{"x":0.333,"y":0},"t":40,"s":[200,112,0],"to":[0,0,0],"ti":[0,0,0]},{"i":{"x":0.667,"y":1},"o":{"x":0.333,"y":0},"t":50,"s":[200,116,0],"to":[0,0,0],"ti":[0,0.667,0]},{"t":61,"s":[200,112,0]}],"ix":2},"a":{"a":0,"k":[171,66.5,0],"ix":1},"s":{"a":0,"k":[100,100,100],"ix":6}},"ao":0,"w":342,"h":133,"ip":0,"op":1800,"st":0,"bm":0},{"ddd":0,"ind":4,"ty":4,"nm":"Shape Layer 1","sr":1,"ks":{"o":{"a":0,"k":100,"ix":11},"r":{"a":0,"k":0,"ix":10},"p":{"a":0,"k":[198,108.5,0],"ix":2},"a":{"a":0,"k":[0,0,0],"ix":1},"s":{"a":0,"k":[100,100,100],"ix":6}},"ao":0,"shapes":[{"ty":"gr","it":[{"ind":0,"ty":"sh","ix":1,"ks":{"a":0,"k":{"i":[[0,0],[0,0]],"o":[[0,0],[0,0]],"v":[[-153.5,87],[157.5,87]],"c":false},"ix":2},"nm":"Path 1","mn":"ADBE Vector Shape - Group","hd":false},{"ty":"tm","s":{"a":0,"k":0,"ix":1},"e":{"a":0,"k":93,"ix":2},"o":{"a":1,"k":[{"i":{"x":[0.833],"y":[0.833]},"o":{"x":[0.167],"y":[0.167]},"t":0,"s":[0]},{"t":60,"s":[-354]}],"ix":3},"m":1,"ix":2,"nm":"Trim Paths 1","mn":"ADBE Vector Filter - Trim","hd":false},{"ty":"st","c":{"a":0,"k":[0.140067949891,0.1821500808,0.266314327717,1],"ix":3},"o":{"a":0,"k":63,"ix":4},"w":{"a":0,"k":3,"ix":5},"lc":2,"lj":1,"ml":4,"bm":0,"nm":"Stroke 1","mn":"ADBE Vector Graphic - Stroke","hd":false},{"ty":"fl","c":{"a":0,"k":[0.345098039216,0.349019607843,0.356862745098,1],"ix":4},"o":{"a":0,"k":100,"ix":5},"r":1,"bm":0,"nm":"Fill 1","mn":"ADBE Vector Graphic - Fill","hd":false},{"ty":"tr","p":{"a":0,"k":[0,0],"ix":2},"a":{"a":0,"k":[0,0],"ix":1},"s":{"a":0,"k":[100,100],"ix":3},"r":{"a":0,"k":0,"ix":6},"o":{"a":0,"k":100,"ix":7},"sk":{"a":0,"k":0,"ix":4},"sa":{"a":0,"k":0,"ix":5},"nm":"Transform"}],"nm":"Shape 1","np":4,"cix":2,"bm":0,"ix":1,"mn":"ADBE Vector Group","hd":false}],"ip":0,"op":300,"st":0,"bm":0}]},{"id":"comp_3","layers":[{"ddd":0,"ind":1,"ty":4,"nm":"sedantire/cars Outlines","sr":1,"ks":{"o":{"a":0,"k":100,"ix":11},"r":{"a":0,"k":0,"ix":10},"p":{"a":0,"k":[25,25,0],"ix":2},"a":{"a":0,"k":[30,30,0],"ix":1},"s":{"a":0,"k":[88,88,100],"ix":6}},"ao":0,"shapes":[{"ty":"gr","it":[{"ind":0,"ty":"sh","ix":1,"ks":{"a":0,"k":{"i":[[0,0],[0,0],[0,0],[0.422,0.088]],"o":[[-0.5,-0.219],[0,0],[0,0],[-0.422,-0.086]],"v":[[-6.312,-5.421],[8.178,-3.26],[5.248,5.64],[-7.756,-1.261]],"c":true},"ix":2},"nm":"Path 1","mn":"ADBE Vector Shape - Group","hd":false},{"ty":"fl","c":{"a":0,"k":[1,1,1,1],"ix":4},"o":{"a":0,"k":100,"ix":5},"r":1,"bm":0,"nm":"Fill 1","mn":"ADBE Vector Graphic - Fill","hd":false},{"ty":"tr","p":{"a":0,"k":[17.359,27.075],"ix":2},"a":{"a":0,"k":[0,0],"ix":1},"s":{"a":0,"k":[100,100],"ix":3},"r":{"a":0,"k":0,"ix":6},"o":{"a":0,"k":100,"ix":7},"sk":{"a":0,"k":0,"ix":4},"sa":{"a":0,"k":0,"ix":5},"nm":"Transform"}],"nm":"Group 1","np":2,"cix":2,"bm":0,"ix":1,"mn":"ADBE Vector Group","hd":false},{"ty":"gr","it":[{"ind":0,"ty":"sh","ix":1,"ks":{"a":0,"k":{"i":[[0,0],[0,0],[0,0],[0.22,-0.377]],"o":[[-0.371,0.41],[0,0],[0,0],[-0.219,0.377]],"v":[[-6.992,5.054],[-0.236,-8.163],[7.363,-2.473],[-3.463,7.787]],"c":true},"ix":2},"nm":"Path 1","mn":"ADBE Vector Shape - Group","hd":false},{"ty":"fl","c":{"a":0,"k":[1,1,1,1],"ix":4},"o":{"a":0,"k":100,"ix":5},"r":1,"bm":0,"nm":"Fill 1","mn":"ADBE Vector Graphic - Fill","hd":false},{"ty":"tr","p":{"a":0,"k":[22.859,40.416],"ix":2},"a":{"a":0,"k":[0,0],"ix":1},"s":{"a":0,"k":[100,100],"ix":3},"r":{"a":0,"k":0,"ix":6},"o":{"a":0,"k":100,"ix":7},"sk":{"a":0,"k":0,"ix":4},"sa":{"a":0,"k":0,"ix":5},"nm":"Transform"}],"nm":"Group 2","np":2,"cix":2,"bm":0,"ix":2,"mn":"ADBE Vector Group","hd":false},{"ty":"gr","it":[{"ind":0,"ty":"sh","ix":1,"ks":{"a":0,"k":{"i":[[0,0],[0,0],[0,0],[-0.276,-0.322]],"o":[[0.256,0.473],[0,0],[0,0],[0.275,0.323]],"v":[[3.025,7.554],[-6.936,-2.88],[0.719,-8.027],[6.661,5.192]],"c":true},"ix":2},"nm":"Path 1","mn":"ADBE Vector Shape - Group","hd":false},{"ty":"fl","c":{"a":0,"k":[1,1,1,1],"ix":4},"o":{"a":0,"k":100,"ix":5},"r":1,"bm":0,"nm":"Fill 1","mn":"ADBE Vector Graphic - Fill","hd":false},{"ty":"tr","p":{"a":0,"k":[36.643,40.333],"ix":2},"a":{"a":0,"k":[0,0],"ix":1},"s":{"a":0,"k":[100,100],"ix":3},"r":{"a":0,"k":0,"ix":6},"o":{"a":0,"k":100,"ix":7},"sk":{"a":0,"k":0,"ix":4},"sa":{"a":0,"k":0,"ix":5},"nm":"Transform"}],"nm":"Group 3","np":2,"cix":2,"bm":0,"ix":3,"mn":"ADBE Vector Group","hd":false},{"ty":"gr","it":[{"ind":0,"ty":"sh","ix":1,"ks":{"a":0,"k":{"i":[[0,0],[0,0],[0,0],[-0.389,0.17]],"o":[[0.526,-0.109],[0,0],[0,0],[0.388,-0.17]],"v":[[7.53,-1.088],[-5.346,5.424],[-8.055,-3.398],[6.323,-5.253]],"c":true},"ix":2},"nm":"Path 1","mn":"ADBE Vector Shape - Group","hd":false},{"ty":"fl","c":{"a":0,"k":[1,1,1,1],"ix":4},"o":{"a":0,"k":100,"ix":5},"r":1,"bm":0,"nm":"Fill 1","mn":"ADBE Vector Graphic - Fill","hd":false},{"ty":"tr","p":{"a":0,"k":[42.402,26.982],"ix":2},"a":{"a":0,"k":[0,0],"ix":1},"s":{"a":0,"k":[100,100],"ix":3},"r":{"a":0,"k":0,"ix":6},"o":{"a":0,"k":100,"ix":7},"sk":{"a":0,"k":0,"ix":4},"sa":{"a":0,"k":0,"ix":5},"nm":"Transform"}],"nm":"Group 4","np":2,"cix":2,"bm":0,"ix":4,"mn":"ADBE Vector Group","hd":false},{"ty":"gr","it":[{"ind":0,"ty":"sh","ix":1,"ks":{"a":0,"k":{"i":[[0,0],[0,0],[0,0],[0.051,0.435]],"o":[[0.053,-0.552],[0,0],[0,0],[-0.049,-0.435]],"v":[[2.239,-7.058],[4.76,7.61],[-4.76,7.609],[-2.236,-7.13]],"c":true},"ix":2},"nm":"Path 1","mn":"ADBE Vector Shape - Group","hd":false},{"ty":"fl","c":{"a":0,"k":[1,1,1,1],"ix":4},"o":{"a":0,"k":100,"ix":5},"r":1,"bm":0,"nm":"Fill 1","mn":"ADBE Vector Graphic - Fill","hd":false},{"ty":"tr","p":{"a":0,"k":[29.756,16.124],"ix":2},"a":{"a":0,"k":[0,0],"ix":1},"s":{"a":0,"k":[100,100],"ix":3},"r":{"a":0,"k":0,"ix":6},"o":{"a":0,"k":100,"ix":7},"sk":{"a":0,"k":0,"ix":4},"sa":{"a":0,"k":0,"ix":5},"nm":"Transform"}],"nm":"Group 5","np":2,"cix":2,"bm":0,"ix":5,"mn":"ADBE Vector Group","hd":false},{"ty":"gr","it":[{"ind":0,"ty":"sh","ix":1,"ks":{"a":0,"k":{"i":[[0,11.909],[11.909,0],[0,-11.909],[-11.909,0]],"o":[[0,-11.909],[-11.909,0],[0,11.909],[11.909,0]],"v":[[21.563,-0.001],[0.001,-21.562],[-21.562,-0.001],[0.001,21.561]],"c":true},"ix":2},"nm":"Path 1","mn":"ADBE Vector Shape - Group","hd":false},{"ind":1,"ty":"sh","ix":2,"ks":{"a":0,"k":{"i":[[-7.657,-7.732],[7.731,-7.655],[7.656,7.731],[-7.731,7.654]],"o":[[7.654,7.732],[-7.732,7.655],[-7.655,-7.732],[7.733,-7.655]],"v":[[14.001,-13.861],[13.861,13.999],[-13.999,13.862],[-13.861,-14]],"c":true},"ix":2},"nm":"Path 2","mn":"ADBE Vector Shape - Group","hd":false},{"ty":"mm","mm":1,"nm":"Merge Paths 1","mn":"ADBE Vector Filter - Merge","hd":false},{"ty":"fl","c":{"a":0,"k":[1,1,1,1],"ix":4},"o":{"a":0,"k":100,"ix":5},"r":1,"bm":0,"nm":"Fill 1","mn":"ADBE Vector Graphic - Fill","hd":false},{"ty":"tr","p":{"a":0,"k":[29.978,29.979],"ix":2},"a":{"a":0,"k":[0,0],"ix":1},"s":{"a":0,"k":[100,100],"ix":3},"r":{"a":0,"k":0,"ix":6},"o":{"a":0,"k":100,"ix":7},"sk":{"a":0,"k":0,"ix":4},"sa":{"a":0,"k":0,"ix":5},"nm":"Transform"}],"nm":"Group 6","np":4,"cix":2,"bm":0,"ix":6,"mn":"ADBE Vector Group","hd":false},{"ty":"gr","it":[{"ind":0,"ty":"sh","ix":1,"ks":{"a":0,"k":{"i":[[-2.926,-0.014],[0.015,-2.926],[2.926,0.013],[-0.015,2.926]],"o":[[2.926,0.015],[-0.014,2.926],[-2.925,-0.015],[0.013,-2.925]],"v":[[0.026,-5.298],[5.297,0.026],[-0.027,5.298],[-5.297,-0.026]],"c":true},"ix":2},"nm":"Path 1","mn":"ADBE Vector Shape - Group","hd":false},{"ty":"fl","c":{"a":0,"k":[0.616000007181,0.626999978458,0.647000002394,1],"ix":4},"o":{"a":0,"k":100,"ix":5},"r":1,"bm":0,"nm":"Fill 1","mn":"ADBE Vector Graphic - Fill","hd":false},{"ty":"tr","p":{"a":0,"k":[29.979,29.978],"ix":2},"a":{"a":0,"k":[0,0],"ix":1},"s":{"a":0,"k":[100,100],"ix":3},"r":{"a":0,"k":0,"ix":6},"o":{"a":0,"k":100,"ix":7},"sk":{"a":0,"k":0,"ix":4},"sa":{"a":0,"k":0,"ix":5},"nm":"Transform"}],"nm":"Group 7","np":2,"cix":2,"bm":0,"ix":7,"mn":"ADBE Vector Group","hd":false},{"ty":"gr","it":[{"ind":0,"ty":"sh","ix":1,"ks":{"a":0,"k":{"i":[[-7.731,7.654],[-7.656,-7.731],[7.731,-7.656],[7.656,7.731]],"o":[[7.732,-7.655],[7.655,7.732],[-7.732,7.655],[-7.655,-7.732]],"v":[[-13.861,-13.999],[13.999,-13.861],[13.861,14],[-14,13.861]],"c":true},"ix":2},"nm":"Path 1","mn":"ADBE Vector Shape - Group","hd":false},{"ind":1,"ty":"sh","ix":2,"ks":{"a":0,"k":{"i":[[-10.616,10.51],[10.51,10.615],[10.615,-10.509],[-10.51,-10.615]],"o":[[10.614,-10.51],[-10.509,-10.615],[-10.614,10.51],[10.509,10.615]],"v":[[19.03,19.219],[19.219,-19.03],[-19.03,-19.22],[-19.219,19.029]],"c":true},"ix":2},"nm":"Path 2","mn":"ADBE Vector Shape - Group","hd":false},{"ty":"mm","mm":1,"nm":"Merge Paths 1","mn":"ADBE Vector Filter - Merge","hd":false},{"ty":"fl","c":{"a":0,"k":[0.211999990426,0.211999990426,0.219999994016,1],"ix":4},"o":{"a":0,"k":100,"ix":5},"r":1,"bm":0,"nm":"Fill 1","mn":"ADBE Vector Graphic - Fill","hd":false},{"ty":"tr","p":{"a":0,"k":[29.979,29.979],"ix":2},"a":{"a":0,"k":[0,0],"ix":1},"s":{"a":0,"k":[100,100],"ix":3},"r":{"a":0,"k":0,"ix":6},"o":{"a":0,"k":100,"ix":7},"sk":{"a":0,"k":0,"ix":4},"sa":{"a":0,"k":0,"ix":5},"nm":"Transform"}],"nm":"Group 8","np":4,"cix":2,"bm":0,"ix":8,"mn":"ADBE Vector Group","hd":false},{"ty":"gr","it":[{"ind":0,"ty":"sh","ix":1,"ks":{"a":0,"k":{"i":[[0,0],[0,0],[0,0],[0,0],[0,0],[0,0],[0,0],[0,0],[0,0],[0,0]],"o":[[0,0],[0,0],[0,0],[0,0],[0,0],[0,0],[0,0],[0,0],[0,0],[0,0]],"v":[[0,-18.358],[-4.536,-4.305],[-19.303,-4.334],[-7.34,4.323],[-11.93,18.358],[0,9.656],[11.931,18.358],[7.34,4.323],[19.303,-4.334],[4.537,-4.305]],"c":true},"ix":2},"nm":"Path 1","mn":"ADBE Vector Shape - Group","hd":false},{"ty":"fl","c":{"a":0,"k":[1,1,1,1],"ix":4},"o":{"a":0,"k":100,"ix":5},"r":1,"bm":0,"nm":"Fill 1","mn":"ADBE Vector Graphic - Fill","hd":false},{"ty":"tr","p":{"a":0,"k":[29.978,28.04],"ix":2},"a":{"a":0,"k":[0,0],"ix":1},"s":{"a":0,"k":[100,100],"ix":3},"r":{"a":0,"k":0,"ix":6},"o":{"a":0,"k":100,"ix":7},"sk":{"a":0,"k":0,"ix":4},"sa":{"a":0,"k":0,"ix":5},"nm":"Transform"}],"nm":"Group 9","np":2,"cix":2,"bm":0,"ix":9,"mn":"ADBE Vector Group","hd":false},{"ty":"gr","it":[{"ind":0,"ty":"sh","ix":1,"ks":{"a":0,"k":{"i":[[11.351,0.057],[0.056,-11.35],[-11.351,-0.056],[-0.055,11.351]],"o":[[-11.35,-0.056],[-0.057,11.352],[11.351,0.058],[0.057,-11.351]],"v":[[0.103,-20.554],[-20.552,-0.102],[-0.102,20.551],[20.552,0.102]],"c":true},"ix":2},"nm":"Path 1","mn":"ADBE Vector Shape - Group","hd":false},{"ty":"fl","c":{"a":0,"k":[0.344999994016,0.349000010771,0.356999984442,1],"ix":4},"o":{"a":0,"k":100,"ix":5},"r":1,"bm":0,"nm":"Fill 1","mn":"ADBE Vector Graphic - Fill","hd":false},{"ty":"tr","p":{"a":0,"k":[29.834,30.124],"ix":2},"a":{"a":0,"k":[0,0],"ix":1},"s":{"a":0,"k":[100,100],"ix":3},"r":{"a":0,"k":0,"ix":6},"o":{"a":0,"k":100,"ix":7},"sk":{"a":0,"k":0,"ix":4},"sa":{"a":0,"k":0,"ix":5},"nm":"Transform"}],"nm":"Group 10","np":2,"cix":2,"bm":0,"ix":10,"mn":"ADBE Vector Group","hd":false}],"ip":0,"op":1800,"st":0,"bm":0}]},{"id":"comp_4","layers":[{"ddd":0,"ind":1,"ty":4,"nm":"sedan/cars Outlines","sr":1,"ks":{"o":{"a":0,"k":100,"ix":11},"r":{"a":0,"k":0,"ix":10},"p":{"a":0,"k":[171,77,0],"ix":2},"a":{"a":0,"k":[171,56.5,0],"ix":1},"s":{"a":0,"k":[100,100,100],"ix":6}},"ao":0,"shapes":[{"ty":"gr","it":[{"ind":0,"ty":"sh","ix":1,"ks":{"a":0,"k":{"i":[[0,0],[0,0],[0,0],[0,0]],"o":[[0,0],[0,0],[0,0],[0,0]],"v":[[-3.002,-8.554],[-3.002,8.554],[3.002,8.554],[3.002,-8.554]],"c":true},"ix":2},"nm":"Path 1","mn":"ADBE Vector Shape - Group","hd":false},{"ind":1,"ty":"sh","ix":2,"ks":{"a":0,"k":{"i":[[0.068,-2.625],[-1.537,-0.027],[-0.028,0.442],[0,0],[0.272,0]],"o":[[-0.11,4.275],[1.536,0.027],[0.695,-10.707],[0,0],[-0.433,0]],"v":[[-2.892,-5.423],[-0.456,8.527],[2.307,7.2],[-1.329,-8.354],[-1.818,-8.554]],"c":true},"ix":2},"nm":"Path 2","mn":"ADBE Vector Shape - Group","hd":false},{"ty":"mm","mm":4,"nm":"Merge Paths 1","mn":"ADBE Vector Filter - Merge","hd":false},{"ty":"fl","c":{"a":0,"k":[0.5,0.5,0.5,1],"ix":4},"o":{"a":0,"k":100,"ix":5},"r":1,"bm":0,"nm":"Fill 1","mn":"ADBE Vector Graphic - Fill","hd":false},{"ty":"tr","p":{"a":0,"k":[336.821,73.665],"ix":2},"a":{"a":0,"k":[0,0],"ix":1},"s":{"a":0,"k":[100,100],"ix":3},"r":{"a":0,"k":0,"ix":6},"o":{"a":0,"k":100,"ix":7},"sk":{"a":0,"k":0,"ix":4},"sa":{"a":0,"k":0,"ix":5},"nm":"Transform"}],"nm":"Group 1","np":4,"cix":2,"bm":0,"ix":1,"mn":"ADBE Vector Group","hd":false},{"ty":"gr","it":[{"ind":0,"ty":"sh","ix":1,"ks":{"a":0,"k":{"i":[[0,0],[-0.725,2.64],[6.272,-0.594]],"o":[[3.076,0.865],[0.757,-2.759],[0,0]],"v":[[-8.521,5.715],[7.823,3.135],[-8.579,-5.986]],"c":true},"ix":2},"nm":"Path 1","mn":"ADBE Vector Shape - Group","hd":false},{"ty":"fl","c":{"a":0,"k":[0.670588235294,0.172549019608,0,1],"ix":4},"o":{"a":0,"k":100,"ix":5},"r":1,"bm":0,"nm":"Fill 1","mn":"ADBE Vector Graphic - Fill","hd":false},{"ty":"tr","p":{"a":0,"k":[232.703,49.276],"ix":2},"a":{"a":0,"k":[0,0],"ix":1},"s":{"a":0,"k":[100,100],"ix":3},"r":{"a":0,"k":0,"ix":6},"o":{"a":0,"k":100,"ix":7},"sk":{"a":0,"k":0,"ix":4},"sa":{"a":0,"k":0,"ix":5},"nm":"Transform"}],"nm":"Group 2","np":2,"cix":2,"bm":0,"ix":2,"mn":"ADBE Vector Group","hd":false},{"ty":"gr","it":[{"ind":0,"ty":"sh","ix":1,"ks":{"a":0,"k":{"i":[[0,0],[0,0],[0,0],[0,0]],"o":[[0,0],[0,0],[0,0],[0,0]],"v":[[-12.526,-6.534],[-9.166,10.751],[12.526,6.534],[9.166,-10.751]],"c":true},"ix":2},"nm":"Path 1","mn":"ADBE Vector Shape - Group","hd":false},{"ind":1,"ty":"sh","ix":2,"ks":{"a":0,"k":{"i":[[0,0],[0,0],[-2.415,1.61],[4.488,1.269],[2.747,0]],"o":[[-1.728,4.376],[2.071,0.458],[3.545,-2.362],[-3.38,-0.952],[-0.904,0]],"v":[[-8.158,-7.035],[-7.859,5.446],[5.151,5.437],[5.398,-5.978],[-6.699,-7.048]],"c":true},"ix":2},"nm":"Path 2","mn":"ADBE Vector Shape - Group","hd":false},{"ty":"mm","mm":4,"nm":"Merge Paths 1","mn":"ADBE Vector Filter - Merge","hd":false},{"ty":"fl","c":{"a":0,"k":[0.760830283165,0.069929271936,0.069929271936,1],"ix":4},"o":{"a":0,"k":100,"ix":5},"r":1,"bm":0,"nm":"Fill 1","mn":"ADBE Vector Graphic - Fill","hd":false},{"ty":"tr","p":{"a":0,"k":[16.468,60.645],"ix":2},"a":{"a":0,"k":[0,0],"ix":1},"s":{"a":0,"k":[100,100],"ix":3},"r":{"a":0,"k":0,"ix":6},"o":{"a":0,"k":100,"ix":7},"sk":{"a":0,"k":0,"ix":4},"sa":{"a":0,"k":0,"ix":5},"nm":"Transform"}],"nm":"Group 3","np":4,"cix":2,"bm":0,"ix":3,"mn":"ADBE Vector Group","hd":false},{"ty":"gr","it":[{"ind":0,"ty":"sh","ix":1,"ks":{"a":0,"k":{"i":[[0,-0.81],[-4.815,0],[0,0.812],[4.815,0]],"o":[[0,0.812],[4.815,0],[0,-0.81],[-4.815,0]],"v":[[-8.719,-0.001],[0,1.468],[8.719,-0.001],[0,-1.468]],"c":true},"ix":2},"nm":"Path 1","mn":"ADBE Vector Shape - Group","hd":false},{"ty":"fl","c":{"a":0,"k":[0.344999994016,0.349000010771,0.356999984442,1],"ix":4},"o":{"a":0,"k":100,"ix":5},"r":1,"bm":0,"nm":"Fill 1","mn":"ADBE Vector Graphic - Fill","hd":false},{"ty":"tr","p":{"a":0,"k":[82.305,56.622],"ix":2},"a":{"a":0,"k":[0,0],"ix":1},"s":{"a":0,"k":[100,100],"ix":3},"r":{"a":0,"k":0,"ix":6},"o":{"a":0,"k":100,"ix":7},"sk":{"a":0,"k":0,"ix":4},"sa":{"a":0,"k":0,"ix":5},"nm":"Transform"}],"nm":"Group 4","np":2,"cix":2,"bm":0,"ix":4,"mn":"ADBE Vector Group","hd":false},{"ty":"gr","it":[{"ind":0,"ty":"sh","ix":1,"ks":{"a":0,"k":{"i":[[0,-0.81],[-4.816,0],[0,0.81],[4.816,0]],"o":[[0,0.81],[4.816,0],[0,-0.81],[-4.816,0]],"v":[[-8.718,0],[-0.001,1.467],[8.718,0],[-0.001,-1.467]],"c":true},"ix":2},"nm":"Path 1","mn":"ADBE Vector Shape - Group","hd":false},{"ty":"fl","c":{"a":0,"k":[0.344999994016,0.349000010771,0.356999984442,1],"ix":4},"o":{"a":0,"k":100,"ix":5},"r":1,"bm":0,"nm":"Fill 1","mn":"ADBE Vector Graphic - Fill","hd":false},{"ty":"tr","p":{"a":0,"k":[164.836,60.074],"ix":2},"a":{"a":0,"k":[0,0],"ix":1},"s":{"a":0,"k":[100,100],"ix":3},"r":{"a":0,"k":0,"ix":6},"o":{"a":0,"k":100,"ix":7},"sk":{"a":0,"k":0,"ix":4},"sa":{"a":0,"k":0,"ix":5},"nm":"Transform"}],"nm":"Group 5","np":2,"cix":2,"bm":0,"ix":5,"mn":"ADBE Vector Group","hd":false},{"ty":"gr","it":[{"ind":0,"ty":"sh","ix":1,"ks":{"a":0,"k":{"i":[[2.155,-0.107],[7.596,-3.683],[2.993,-2.762],[-8.517,0],[-26.648,-0.775],[0,0]],"o":[[-32.462,1.612],[0,0],[0,0],[4.881,0],[0,0],[-1.993,0.048]],"v":[[-14.501,-17.812],[-66.07,-6.302],[-80.573,3.828],[-81.493,13.036],[-17.71,14.719],[-8.282,-18.04]],"c":true},"ix":2},"nm":"Path 1","mn":"ADBE Vector Shape - Group","hd":false},{"ind":1,"ty":"sh","ix":2,"ks":{"a":0,"k":{"i":[[0,0],[0,0],[17.292,0.506],[-5.625,16.841],[0,0]],"o":[[0,0],[0,0],[4.999,-19.002],[23.888,0.066],[21.643,6.446]],"v":[[90.01,18.104],[18.876,15.8],[-12.1,14.883],[-2.419,-18.104],[31.997,-13.898]],"c":true},"ix":2},"nm":"Path 2","mn":"ADBE Vector Shape - Group","hd":false},{"ty":"mm","mm":1,"nm":"Merge Paths 1","mn":"ADBE Vector Filter - Merge","hd":false},{"ty":"fl","c":{"a":0,"k":[0.250999989229,0.250999989229,0.255000005984,1],"ix":4},"o":{"a":0,"k":100,"ix":5},"r":1,"bm":0,"nm":"Fill 1","mn":"ADBE Vector Graphic - Fill","hd":false},{"ty":"tr","p":{"a":0,"k":[149.843,34.176],"ix":2},"a":{"a":0,"k":[0,0],"ix":1},"s":{"a":0,"k":[100,100],"ix":3},"r":{"a":0,"k":0,"ix":6},"o":{"a":0,"k":100,"ix":7},"sk":{"a":0,"k":0,"ix":4},"sa":{"a":0,"k":0,"ix":5},"nm":"Transform"}],"nm":"Group 6","np":4,"cix":2,"bm":0,"ix":6,"mn":"ADBE Vector Group","hd":false},{"ty":"gr","it":[{"ind":0,"ty":"sh","ix":1,"ks":{"a":0,"k":{"i":[[0,0],[2.418,1.553],[5.353,-1.381],[0,0],[-8.287,-2.589],[-3.107,1.553]],"o":[[0,0],[0,0],[-5.352,1.382],[0,0],[8.287,2.591],[3.107,-1.555]],"v":[[13.468,0.259],[8.979,-4.745],[0.518,-3.539],[-8.461,-1.639],[-5.87,2.329],[11.05,3.195]],"c":true},"ix":2},"nm":"Path 1","mn":"ADBE Vector Shape - Group","hd":false},{"ty":"fl","c":{"a":0,"k":[0.984000052658,0.976000019148,0.964999988032,1],"ix":4},"o":{"a":0,"k":100,"ix":5},"r":1,"bm":0,"nm":"Fill 1","mn":"ADBE Vector Graphic - Fill","hd":false},{"ty":"tr","p":{"a":0,"k":[319.277,65.831],"ix":2},"a":{"a":0,"k":[0,0],"ix":1},"s":{"a":0,"k":[100,100],"ix":3},"r":{"a":0,"k":0,"ix":6},"o":{"a":0,"k":100,"ix":7},"sk":{"a":0,"k":0,"ix":4},"sa":{"a":0,"k":0,"ix":5},"nm":"Transform"}],"nm":"Group 7","np":2,"cix":2,"bm":0,"ix":7,"mn":"ADBE Vector Group","hd":false},{"ty":"gr","it":[{"ind":0,"ty":"sh","ix":1,"ks":{"a":0,"k":{"i":[[-2.301,3.224],[0,0],[2.073,0.92],[0,0]],"o":[[0,0],[0,0],[0,0],[0,0]],"v":[[11.231,-7.152],[9.334,3.261],[-11.231,6.232],[-9.732,-2.738]],"c":true},"ix":2},"nm":"Path 1","mn":"ADBE Vector Shape - Group","hd":false},{"ty":"fl","c":{"a":0,"k":[0.670588235294,0.172549019608,0,1],"ix":4},"o":{"a":0,"k":100,"ix":5},"r":1,"bm":0,"nm":"Fill 1","mn":"ADBE Vector Graphic - Fill","hd":false},{"ty":"tr","p":{"a":0,"k":[327.37,90.421],"ix":2},"a":{"a":0,"k":[0,0],"ix":1},"s":{"a":0,"k":[100,100],"ix":3},"r":{"a":0,"k":0,"ix":6},"o":{"a":0,"k":100,"ix":7},"sk":{"a":0,"k":0,"ix":4},"sa":{"a":0,"k":0,"ix":5},"nm":"Transform"}],"nm":"Group 8","np":2,"cix":2,"bm":0,"ix":8,"mn":"ADBE Vector Group","hd":false},{"ty":"gr","it":[{"ind":0,"ty":"sh","ix":1,"ks":{"a":0,"k":{"i":[[0,0],[0,0],[0,0],[0,0],[0,0],[0,0],[0,0],[0,0],[0,0]],"o":[[0,0],[0,0],[0,0],[0,0],[0,0],[0,0],[0,0],[0,0],[0,0]],"v":[[75.969,-5.406],[75.279,2.648],[-75.048,5.639],[-75.508,3.57],[-75.969,-5.409],[-72.053,-5.639],[-67.22,-3.569],[67.22,-3.798],[68.602,-5.639]],"c":true},"ix":2},"nm":"Path 1","mn":"ADBE Vector Shape - Group","hd":false},{"ty":"fl","c":{"a":0,"k":[0.670588235294,0.172549019608,0,1],"ix":4},"o":{"a":0,"k":100,"ix":5},"r":1,"bm":0,"nm":"Fill 1","mn":"ADBE Vector Graphic - Fill","hd":false},{"ty":"tr","p":{"a":0,"k":[169.181,106.49],"ix":2},"a":{"a":0,"k":[0,0],"ix":1},"s":{"a":0,"k":[100,100],"ix":3},"r":{"a":0,"k":0,"ix":6},"o":{"a":0,"k":100,"ix":7},"sk":{"a":0,"k":0,"ix":4},"sa":{"a":0,"k":0,"ix":5},"nm":"Transform"}],"nm":"Group 9","np":2,"cix":2,"bm":0,"ix":9,"mn":"ADBE Vector Group","hd":false},{"ty":"gr","it":[{"ind":0,"ty":"sh","ix":1,"ks":{"a":0,"k":{"i":[[0,0],[-1.037,-5.872],[0,0],[0,0],[0,0],[-13.813,-1.037],[-26.075,-0.804],[0,0],[0,0],[0,0],[25.374,-6.808],[0,0],[6.926,2.597]],"o":[[0,0],[1.035,5.871],[0,0],[0,0],[0,0],[-2.592,-16.479],[22.448,0.689],[0,0],[5.819,-2.045],[-5.586,-22.218],[-11.831,3.174],[0,0],[-6.926,-2.598]],"v":[[-43.008,-14.561],[-50.258,-5.582],[-47.497,5.469],[-45.77,6.504],[-45.081,13.756],[-13.852,24.498],[14.896,-9.488],[41.596,14.448],[41.81,20.472],[51.295,16.975],[4.545,-17.691],[-14.357,-4.417],[-28.786,-7.88]],"c":true},"ix":2},"nm":"Path 1","mn":"ADBE Vector Shape - Group","hd":false},{"ty":"fl","c":{"a":0,"k":[0.669500612745,0.172549019608,0,1],"ix":4},"o":{"a":0,"k":100,"ix":5},"r":1,"bm":0,"nm":"Fill 1","mn":"ADBE Vector Graphic - Fill","hd":false},{"ty":"tr","p":{"a":0,"k":[51.545,85.945],"ix":2},"a":{"a":0,"k":[0,0],"ix":1},"s":{"a":0,"k":[100,100],"ix":3},"r":{"a":0,"k":0,"ix":6},"o":{"a":0,"k":100,"ix":7},"sk":{"a":0,"k":0,"ix":4},"sa":{"a":0,"k":0,"ix":5},"nm":"Transform"}],"nm":"Group 10","np":2,"cix":2,"bm":0,"ix":10,"mn":"ADBE Vector Group","hd":false},{"ty":"gr","it":[{"ind":0,"ty":"sh","ix":1,"ks":{"a":0,"k":{"i":[[-1.381,-2.857],[0,0],[0,0],[0,0],[-31.424,1.727],[0,0],[0,0],[-4.515,9.37],[-0.329,4.02],[0,0],[9.812,9.09],[13.869,-22.744],[0,0]],"o":[[0,0],[0,0],[0,0],[0,0],[31.425,-1.727],[0,0],[0,0],[0,0],[0,0],[0,0],[-18.686,-17.311],[-3.607,5.915],[0,0]],"v":[[-48.769,23.715],[-41.126,23.575],[-41.126,17.014],[-41.126,14.944],[-9.533,-10.014],[21.084,20.351],[21.774,25.185],[50.434,15.516],[50.845,7.887],[30.28,10.858],[17.261,-7.874],[-45.65,2.227],[-50.844,18.965]],"c":true},"ix":2},"nm":"Path 1","mn":"ADBE Vector Shape - Group","hd":false},{"ty":"fl","c":{"a":0,"k":[0.670588235294,0.172549019608,0,1],"ix":4},"o":{"a":0,"k":100,"ix":5},"r":1,"bm":0,"nm":"Fill 1","mn":"ADBE Vector Graphic - Fill","hd":false},{"ty":"tr","p":{"a":0,"k":[285.859,85.795],"ix":2},"a":{"a":0,"k":[0,0],"ix":1},"s":{"a":0,"k":[100,100],"ix":3},"r":{"a":0,"k":0,"ix":6},"o":{"a":0,"k":100,"ix":7},"sk":{"a":0,"k":0,"ix":4},"sa":{"a":0,"k":0,"ix":5},"nm":"Transform"}],"nm":"Group 11","np":2,"cix":2,"bm":0,"ix":11,"mn":"ADBE Vector Group","hd":false},{"ty":"gr","it":[{"ind":0,"ty":"sh","ix":1,"ks":{"a":0,"k":{"i":[[-1.726,4.143],[2.513,5.917],[17.164,3.214],[6.668,-6.219],[11.05,4.49],[0,0],[70.788,-17.957],[0,0],[0,0],[-10.014,4.49],[1.138,-3.459],[0,0],[0,0],[-1.037,-5.871],[0,0],[0,0],[0,0],[-13.813,-1.036],[-26.075,-0.804],[0,0],[0,0],[0,0],[0,0],[0,0],[0,0],[-31.424,1.727],[0,0],[0,0],[-4.514,9.37]],"o":[[2.509,-7.301],[-3.765,-8.869],[0,0],[0,0],[0,0],[0,0],[0,0],[0,0],[0,0],[-19.263,6.204],[0,0],[0,0],[0,0],[1.035,5.871],[0,0],[0,0],[0,0],[-3.746,-17.489],[22.448,0.689],[0,0],[0,0],[0,0],[0,0],[0,0],[0,0],[31.424,-1.726],[0,0],[0,0],[0,0]],"v":[[167.777,27.97],[165.114,9.425],[75.233,-19.34],[75.579,-9.669],[18.601,-38.676],[22.053,-42.129],[-92.244,-37.984],[-92.244,-35.913],[-136.098,-13.122],[-135.451,-18.994],[-162.342,-8.979],[-161.998,9.669],[-161.998,15.193],[-169.248,24.172],[-166.488,35.223],[-164.76,36.258],[-164.071,43.51],[-132.842,54.251],[-104.094,20.266],[-77.395,44.202],[-77.051,53.87],[-76.705,55.941],[74.198,53.178],[74.198,46.617],[74.198,44.548],[105.79,19.589],[136.406,49.953],[137.096,54.788],[165.757,45.12]],"c":true},"ix":2},"nm":"Path 1","mn":"ADBE Vector Shape - Group","hd":false},{"ty":"fl","c":{"a":0,"k":[0.902000038297,0.172686887255,0,1],"ix":4},"o":{"a":0,"k":100,"ix":5},"r":1,"bm":0,"nm":"Fill 1","mn":"ADBE Vector Graphic - Fill","hd":false},{"ty":"tr","p":{"a":0,"k":[170.535,56.192],"ix":2},"a":{"a":0,"k":[0,0],"ix":1},"s":{"a":0,"k":[100,100],"ix":3},"r":{"a":0,"k":0,"ix":6},"o":{"a":0,"k":100,"ix":7},"sk":{"a":0,"k":0,"ix":4},"sa":{"a":0,"k":0,"ix":5},"nm":"Transform"}],"nm":"Group 12","np":2,"cix":2,"bm":0,"ix":12,"mn":"ADBE Vector Group","hd":false},{"ty":"gr","it":[{"ind":0,"ty":"sh","ix":1,"ks":{"a":0,"k":{"i":[[0,0],[8.174,-5.87],[0,0],[0,0],[0,0],[0,0]],"o":[[0,0],[0,0],[0,0],[0,0],[0,0],[0,0]],"v":[[25.496,-15.597],[-17.554,3.394],[-25.498,5.927],[-26.879,10.532],[-19.856,15.597],[26.879,-11.109]],"c":true},"ix":2},"nm":"Path 1","mn":"ADBE Vector Shape - Group","hd":false},{"ty":"fl","c":{"a":0,"k":[0.250999989229,0.250999989229,0.255000005984,1],"ix":4},"o":{"a":0,"k":100,"ix":5},"r":1,"bm":0,"nm":"Fill 1","mn":"ADBE Vector Graphic - Fill","hd":false},{"ty":"tr","p":{"a":0,"k":[52.639,33.803],"ix":2},"a":{"a":0,"k":[0,0],"ix":1},"s":{"a":0,"k":[100,100],"ix":3},"r":{"a":0,"k":0,"ix":6},"o":{"a":0,"k":100,"ix":7},"sk":{"a":0,"k":0,"ix":4},"sa":{"a":0,"k":0,"ix":5},"nm":"Transform"}],"nm":"Group 13","np":2,"cix":2,"bm":0,"ix":13,"mn":"ADBE Vector Group","hd":false},{"ty":"gr","it":[{"ind":0,"ty":"sh","ix":1,"ks":{"a":0,"k":{"i":[[0,0],[-24.379,-12.65],[2.071,-4.373],[0,0],[0,0],[0,0]],"o":[[0.058,0.023],[0,0],[0,0],[0,0],[0,0],[0,0]],"v":[[-26.012,-19.51],[28.638,3.533],[34.533,13.984],[26.936,19.51],[-36.604,-13.755],[-30.845,-18.016]],"c":true},"ix":2},"nm":"Path 1","mn":"ADBE Vector Shape - Group","hd":false},{"ty":"fl","c":{"a":0,"k":[0.250999989229,0.250999989229,0.255000005984,1],"ix":4},"o":{"a":0,"k":100,"ix":5},"r":1,"bm":0,"nm":"Fill 1","mn":"ADBE Vector Graphic - Fill","hd":false},{"ty":"tr","p":{"a":0,"k":[218.445,34.032],"ix":2},"a":{"a":0,"k":[0,0],"ix":1},"s":{"a":0,"k":[100,100],"ix":3},"r":{"a":0,"k":0,"ix":6},"o":{"a":0,"k":100,"ix":7},"sk":{"a":0,"k":0,"ix":4},"sa":{"a":0,"k":0,"ix":5},"nm":"Transform"}],"nm":"Group 14","np":2,"cix":2,"bm":0,"ix":14,"mn":"ADBE Vector Group","hd":false},{"ty":"gr","it":[{"ind":0,"ty":"sh","ix":1,"ks":{"a":0,"k":{"i":[[0,0],[0,0],[0,0],[0,0],[0,0],[0,0],[0,0],[0,0],[0,0],[0,0]],"o":[[0,0],[0,0],[0,0],[0,0],[0,0],[0,0],[0,0],[0,0],[0,0],[0,0]],"v":[[120.17,-23.131],[143.651,-4.627],[140.889,14.319],[130.794,25.538],[68.144,26.656],[-84.715,28.419],[-136.744,19.168],[-143.65,17.405],[-129.838,-16.522],[-85.178,-28.419]],"c":true},"ix":2},"nm":"Path 1","mn":"ADBE Vector Shape - Group","hd":false},{"ty":"fl","c":{"a":0,"k":[0.136999990426,0.128999986836,0.118000000598,1],"ix":4},"o":{"a":0,"k":100,"ix":5},"r":1,"bm":0,"nm":"Fill 1","mn":"ADBE Vector Graphic - Fill","hd":false},{"ty":"tr","p":{"a":0,"k":[177.698,82.191],"ix":2},"a":{"a":0,"k":[0,0],"ix":1},"s":{"a":0,"k":[100,100],"ix":3},"r":{"a":0,"k":0,"ix":6},"o":{"a":0,"k":100,"ix":7},"sk":{"a":0,"k":0,"ix":4},"sa":{"a":0,"k":0,"ix":5},"nm":"Transform"}],"nm":"Group 15","np":2,"cix":2,"bm":0,"ix":15,"mn":"ADBE Vector Group","hd":false}],"ip":0,"op":1800,"st":0,"bm":0}]}],"layers":[{"ddd":0,"ind":1,"ty":0,"nm":"LPR READ","refId":"comp_0","sr":1,"ks":{"o":{"a":0,"k":100,"ix":11},"r":{"a":0,"k":0,"ix":10},"p":{"a":0,"k":[248,146.5,0],"ix":2},"a":{"a":0,"k":[252.5,162,0],"ix":1},"s":{"a":0,"k":[87.099,87.099,100],"ix":6}},"ao":0,"w":505,"h":324,"ip":115,"op":295,"st":115,"bm":0},{"ddd":0,"ind":2,"ty":0,"nm":"Pre-comp 2","refId":"comp_2","sr":1,"ks":{"o":{"a":0,"k":100,"ix":11},"r":{"a":0,"k":0,"ix":10},"p":{"a":0,"k":[200,92.5,0],"ix":2},"a":{"a":0,"k":[200,112.5,0],"ix":1},"s":{"a":1,"k":[{"i":{"x":[0.667,0.667,0.667],"y":[1,1,1]},"o":{"x":[0.167,0.167,0.167],"y":[0.167,0.167,-16.667]},"t":114,"s":[100,100,100]},{"t":119,"s":[0,0,100]}],"ix":6}},"ao":0,"w":400,"h":225,"ip":59,"op":359,"st":59,"bm":0},{"ddd":0,"ind":3,"ty":0,"nm":"Pre-comp 2","refId":"comp_2","sr":1,"ks":{"o":{"a":0,"k":100,"ix":11},"r":{"a":0,"k":0,"ix":10},"p":{"a":1,"k":[{"i":{"x":0.667,"y":1},"o":{"x":0.167,"y":0.167},"t":4,"s":[-175,92.5,0],"to":[62.5,0,0],"ti":[-62.5,0,0]},{"t":30,"s":[200,92.5,0]}],"ix":2},"a":{"a":0,"k":[200,112.5,0],"ix":1},"s":{"a":1,"k":[{"i":{"x":[0.833,0.833,0.833],"y":[0.833,0.833,0.833]},"o":{"x":[0.167,0.167,0.167],"y":[0.167,0.167,0.167]},"t":102,"s":[100,100,100]},{"t":107,"s":[0,0,100]}],"ix":6}},"ao":0,"w":400,"h":225,"ip":0,"op":59,"st":0,"bm":0}],"markers":[]}